,Domain,Live,marchStatus
15,ALBANYNY.GOV,False,ACTIVE
23,ALLIANCEOH.GOV,False,ACTIVE
50,APPOMATTOXVA.GOV,False,ACTIVE
79,AUGUSTAME.GOV,False,ACTIVE
93,BASTROPTX.GOV,False,ACTIVE
123,BELTONPARKSMO.GOV,False,ACTIVE
157,BOLTON-MA.GOV,False,ACTIVE
194,BROOKFIELD-WI.GOV,False,ACTIVE
233,CAMDENTN.GOV,False,ACTIVE
250,CARTERSVILLEGA.GOV,False,ACTIVE
270,CENTREVILLE-MD.GOV,False,ACTIVE
271,CERESCO-NE.GOV,False,ACTIVE
303,CINCINNATIOHIO.GOV,False,ACTIVE
326,CITYOFCUDAHYCA.GOV,False,ACTIVE
328,CITYOFDOUGLASGA.GOV,False,ACTIVE
331,CITYOFDUPONTWA.GOV,False,ACTIVE
332,CITYOFENGLEWOOD-NJ.GOV,False,ACTIVE
338,CITYOFFORTOGLETHORPEGA.GOV,False,ACTIVE
359,CITYOFLINCOLN-IL.GOV,False,ACTIVE
375,CITYOFNEWULM-MN.GOV,False,ACTIVE
383,CITYOFPEARLANDTX.GOV,False,ACTIVE
394,CITYOFSAFFORDAZ.GOV,False,ACTIVE
399,CITYOFSUGAR-LANDTX.GOV,False,ACTIVE
400,CITYOFSUGARLAND-TX.GOV,False,ACTIVE
401,CITYOFSUGARLANDTX.GOV,False,ACTIVE
403,CITYOFTORRANCECA.GOV,False,ACTIVE
404,CITYOFTUKWILA-WA.GOV,False,ACTIVE
405,CITYOFTYLER-TX.GOV,False,ACTIVE
406,CITYOFTYLERTX.GOV,False,ACTIVE
411,CITYOFWHEATON-IL.GOV,False,ACTIVE
437,COLLIERVILLETN.GOV,False,ACTIVE
445,COLUMBIATN.GOV,False,ACTIVE
448,COLUMBUSOH.GOV,False,ACTIVE
469,CORPUSCHRISTI-TX.GOV,False,ACTIVE
473,CORYDON-IN.GOV,False,ACTIVE
478,COUNTRYSIDE-IL.GOV,False,ACTIVE
484,CRAWFORDSVILLE-IN.GOV,False,ACTIVE
503,DALLASOREGON.GOV,False,ACTIVE
510,DARIENIL.GOV,False,ACTIVE
554,DUNWOODYGEORGIA.GOV,False,ACTIVE
561,EAGLELAKE-TX.GOV,False,ACTIVE
568,EASTKINGSTONNH.GOV,False,ACTIVE
570,EASTMOUNTAINTX.GOV,False,ACTIVE
582,EDGARCOUNTY-IL.GOV,False,ACTIVE
606,ENCINITASCALIFORNIA.GOV,False,ACTIVE
610,ESPANOLANM.GOV,False,ACTIVE
614,EUREKA-MT.GOV,False,ACTIVE
624,FAIRHOPE-AL.GOV,False,ACTIVE
629,FALLSCHURCHCITYVA.GOV,False,ACTIVE
635,FARMINGTONHILLSMI.GOV,False,ACTIVE
637,FAYETTEVILLENC.GOV,False,ACTIVE
653,FORESTPARKOK.GOV,False,ACTIVE
668,FRANKFORT-KY.GOV,False,ACTIVE
690,GALESBURG-IL.GOV,False,ACTIVE
692,GALLAWAYTN.GOV,False,ACTIVE
703,GEORGETOWN-KENTUCKY.GOV,False,ACTIVE
731,GRAFTON-MA.GOV,False,ACTIVE
752,GREENMOUNTAINFALLSCO.GOV,False,ACTIVE
778,HANOVERVA.GOV,False,ACTIVE
795,HAYDEN-CO.GOV,False,ACTIVE
801,HENDERSONNEVADA.GOV,False,ACTIVE
802,HENDERSONNV.GOV,False,ACTIVE
804,HEREFORD-TX.GOV,False,ACTIVE
806,HEYWORTH-IL.GOV,False,ACTIVE
816,HILLSBORO-OR.GOV,False,ACTIVE
818,HILLSBOROOREGON.GOV,False,ACTIVE
828,HOMERGLENIL.GOV,False,ACTIVE
846,HUETTER-ID.GOV,False,ACTIVE
855,HURST-TEXAS.GOV,False,ACTIVE
863,INCLINEVILLAGE-NV.GOV,False,ACTIVE
901,JUPITERFL.GOV,False,ACTIVE
921,KISSIMMEE-FL.GOV,False,ACTIVE
941,LAKEVILLE-MN.GOV,False,ACTIVE
991,LIMERICK-ME.GOV,False,ACTIVE
1019,LOSANGELES-CA.GOV,False,ACTIVE
1025,LOVEJOY-GA.GOV,False,ACTIVE
1046,MADISON-AL.GOV,False,ACTIVE
1095,MEADOWSPLACETX.GOV,False,ACTIVE
1185,MYARLINGTONTX.GOV,False,ACTIVE
1204,NEWAUBURNMN.GOV,False,ACTIVE
1212,NEWCANAANCT.GOV,False,ACTIVE
1224,NEWPORT-RI.GOV,False,ACTIVE
1289,OCEANAWV.GOV,False,ACTIVE
1312,PALOSHILLS-IL.GOV,False,ACTIVE
1321,PASADENATX.GOV,False,ACTIVE
1325,PAWLING-NY.GOV,False,ACTIVE
1337,PETERBOROUGHNH.GOV,False,ACTIVE
1398,QUAKERTOWN-PA.GOV,False,ACTIVE
1418,RENSSELAERNY.GOV,False,ACTIVE
1425,RICHMOND-VA.GOV,False,ACTIVE
1436,RITZVILLE-WA.GOV,False,ACTIVE
1489,SALTLAKECITY-UT.GOV,False,ACTIVE
1497,SANMARCOSTEXAS.GOV,False,ACTIVE
1502,SANTACLARITACA.GOV,False,ACTIVE
1504,SANTAMONICACA.GOV,False,ACTIVE
1513,SCHERTZ-TX.GOV,False,ACTIVE
1533,SHEBOYGANFALLS-WI.GOV,False,ACTIVE
1549,SIOUXFALLSSD.GOV,False,ACTIVE
1556,SNOWFLAKE-AZ.GOV,False,ACTIVE
1557,SODDY-DAISY-TN.GOV,False,ACTIVE
1558,SODDY-DAISYTN.GOV,False,ACTIVE
1559,SODDYDAISY-TN.GOV,False,ACTIVE
1560,SODDYDAISYTN.GOV,False,ACTIVE
1577,SOUTHWILLIAMSPORT-PA.GOV,False,ACTIVE
1579,SPENCERMA.GOV,False,ACTIVE
1596,STATECOLLEGEPA.GOV,False,ACTIVE
1600,STCROIXFALLSWI.GOV,False,ACTIVE
1612,STPETE-FL.GOV,False,ACTIVE
1618,SUGAR-LANDCITYTX.GOV,False,ACTIVE
1619,SUGAR-LANDTX.GOV,False,ACTIVE
1621,SUGARLAND-CITYTX.GOV,False,ACTIVE
1622,SUGARLAND-TX.GOV,False,ACTIVE
1623,SUGARLANDCITY-TX.GOV,False,ACTIVE
1624,SUGARLANDCITYTX.GOV,False,ACTIVE
1667,TINLEYPARK-IL.GOV,False,ACTIVE
1668,TINLEYPARKIL.GOV,False,ACTIVE
1680,TOWNOFBETHLEHEM-NY.GOV,False,ACTIVE
1702,TOWNOFORANGEVA.GOV,False,ACTIVE
1709,TOWNOFSHIRLEY-MA.GOV,False,ACTIVE
1727,TROYNY.GOV,False,ACTIVE
1733,TUKWILA-WA.GOV,False,ACTIVE
1737,TUMWATERWA.GOV,False,ACTIVE
1772,VIENNAVA.GOV,False,ACTIVE
1777,VILLAGEOFHEMPSTEADNY.GOV,False,ACTIVE
1780,VILLAGEOFNEWHAVEN-MI.GOV,False,ACTIVE
1787,VILLAGEOFWAUCONDA-IL.GOV,False,ACTIVE
1791,WACOTX.GOV,False,ACTIVE
1831,WESSONMS.GOV,False,ACTIVE
1942,BERRIENCOUNTY-MI.GOV,False,ACTIVE
1956,BRANCHCOUNTYMI.GOV,False,ACTIVE
1957,BRAZORIACOUNTY-TX.GOV,False,ACTIVE
1962,BROWNCOUNTYWI.GOV,False,ACTIVE
1964,BUCHANANCOUNTY-VA.GOV,False,ACTIVE
1999,CHEYENNECOUNTY-CO.GOV,False,ACTIVE
2019,COUNTYOFPITT-NC.GOV,False,ACTIVE
2026,CURRITUCKCOUNTYNC.GOV,False,ACTIVE
2029,DALLASCOUNTY-TX.GOV,False,ACTIVE
2035,DAWSONCOUNTYNE.GOV,False,ACTIVE
2039,DEKALBCOUNTYIL.GOV,False,ACTIVE
2046,DURHAMCOUNTYNC.GOV,False,ACTIVE
2047,ECTORCOUNTYTX.GOV,False,ACTIVE
2069,GEORGECOUNTYMS.GOV,False,ACTIVE
2085,GREENMCHENRYCOUNTYIL.GOV,False,ACTIVE
2086,GREENMCHENRYCOUNTYILLINOIS.GOV,False,ACTIVE
2087,GREENVILLECOUNTYSC.GOV,False,ACTIVE
2095,HALLCOUNTYGA.GOV,False,ACTIVE
2125,JASPERCOUNTYSC.GOV,False,ACTIVE
2137,KERNCOG-CA.GOV,False,ACTIVE
2147,LAPAZCOUNTYAZ.GOV,False,ACTIVE
2179,MAUICOUNTY-HI.GOV,False,ACTIVE
2181,MCCRACKENCOUNTYKY.GOV,False,ACTIVE
2200,MILWAUKEECOUNTY-WI.GOV,False,ACTIVE
2222,ORANGECOUNTY-VA.GOV,False,ACTIVE
2241,PITTCOUNTY-NC.GOV,False,ACTIVE
2253,PUEBLOCOUNTYCO.GOV,False,ACTIVE
2262,READYHARRISCOUNTYTX.GOV,False,ACTIVE
2264,READYMCHENRYCOUNTYILLINOIS.GOV,False,ACTIVE
2279,SANPETECOUNTY-UT.GOV,False,ACTIVE
2323,TOOELECOUNTYUT.GOV,False,ACTIVE
2357,WORCESTERCOUNTYMD.GOV,False,ACTIVE
2377,IC.GOV,False,ACTIVE
2378,ISTAC.GOV,False,ACTIVE
2388,ABILITYONE.FED.US,False,ACTIVE
2421,FEDERALMENTORINGCOUNCIL.GOV,False,ACTIVE
2433,SERVIR.GOV,False,ACTIVE
2508,CLIMATECHANGE.GOV,False,ACTIVE
2562,EACLEARINGHOUSE.GOV,False,ACTIVE
2563,ERDC.GOV,False,ACTIVE
2571,MTMC.GOV,False,ACTIVE
2572,MYPAY.GOV,False,ACTIVE
2607,BRC.GOV,False,ACTIVE
2629,ISCIENCE.GOV,False,ACTIVE
2632,KAPL.GOV,False,ACTIVE
2644,NUCLEAR.GOV,False,ACTIVE
2663,UNRPNET.GOV,False,ACTIVE
2680,BIOSECURITYBOARD.GOV,False,ACTIVE
2811,USSS.GOV,False,ACTIVE
2812,DISASTERHOUSING.GOV,False,ACTIVE
2813,FHA.GOV,False,ACTIVE
2814,GINNIEMAE.GOV,False,ACTIVE
2815,HOMESALES.GOV,False,ACTIVE
2816,HUD.GOV,False,ACTIVE
2817,HUDOIG.GOV,False,ACTIVE
2818,NATIONALHOUSING.GOV,False,ACTIVE
2819,NATIONALHOUSINGLOCATOR.GOV,False,ACTIVE
2820,NHL.GOV,False,ACTIVE
2821,NLS.GOV,False,ACTIVE
2822,ADA.GOV,False,ACTIVE
2823,ADR.GOV,False,ACTIVE
2824,AMBERALERT.GOV,False,ACTIVE
2825,ATF.GOV,False,ACTIVE
2826,BIOMETRICCOE.GOV,False,ACTIVE
2827,BJA.GOV,False,ACTIVE
2828,BJS.GOV,False,ACTIVE
2829,BOP.GOV,False,ACTIVE
2830,CRIMESOLUTIONS.GOV,False,ACTIVE
2831,CRIMEVICTIMS.GOV,False,ACTIVE
2832,CYBERCRIME.GOV,False,ACTIVE
2833,DEA.GOV,False,ACTIVE
2834,DEADIVERSION.GOV,False,ACTIVE
2835,DEALS.GOV,False,ACTIVE
2836,DNA.GOV,False,ACTIVE
2837,DSAC.GOV,False,ACTIVE
2838,ESPANOLFORLAWENFORCEMENT.GOV,False,ACTIVE
2839,FARA.GOV,False,ACTIVE
2877,SCRA.GOV,False,ACTIVE
2878,SERVICEMEMBERS.GOV,False,ACTIVE
2879,SMART.GOV,False,ACTIVE
2880,STOPFRAUD.GOV,False,ACTIVE
2881,TRIBALJUSTICEANDSAFETY.GOV,False,ACTIVE
2882,UCRDATATOOL.GOV,False,ACTIVE
2883,UNICOR.GOV,False,ACTIVE
2884,USDOJ.GOV,False,ACTIVE
2885,USERRA.GOV,False,ACTIVE
2886,USMARSHALS.GOV,False,ACTIVE
2887,VCF.GOV,False,ACTIVE
2888,VEHICLEHISTORY.GOV,False,ACTIVE
2889,AMERICASHEROESATWORK.GOV,False,ACTIVE
2890,AUTOCOMMUNITIES.GOV,False,ACTIVE
2891,BENEFITS.GOV,False,ACTIVE
2892,BLS.GOV,False,ACTIVE
2893,DISABILITY.GOV,False,ACTIVE
2894,DOL-ESA.GOV,False,ACTIVE
3057,IRSNET.GOV,False,ACTIVE
3087,TCIS.GOV,False,ACTIVE
3088,TIGTA.GOV,False,ACTIVE
3089,TIGTANET.GOV,False,ACTIVE
3094,TREASURYAUCTION.GOV,False,ACTIVE
3097,TREASURYECM.GOV,False,ACTIVE
3104,TWAI.GOV,False,ACTIVE
3109,VERIFYPAYMENT.GOV,False,ACTIVE
3166,OSIS.GOV,False,ACTIVE
3167,PIX.GOV,False,ACTIVE
3168,UGOV.GOV,False,ACTIVE
3201,NEPA.GOV,False,ACTIVE
3209,PCI.GOV,False,ACTIVE
3248,OFHEO.GOV,False,ACTIVE
3254,FEDCENTENNIAL.GOV,False,ACTIVE
3256,FEDERALRESERVE100.GOV,False,ACTIVE
3257,FEDERALRESERVE2013.GOV,False,ACTIVE
3259,FEDERALRESERVECENTENNIALCELEBRATION.GOV,False,ACTIVE
3264,FRB.GOV,False,ACTIVE
3265,FRS.GOV,False,ACTIVE
3277,CONSUMERSENTINELNETWORK.GOV,False,ACTIVE
3292,PROTECCIONDELCONSUMIDOR.GOV,False,ACTIVE
3322,EFACA.GOV,False,ACTIVE
3337,FEDIDCARD.GOV,False,ACTIVE
3346,FPDS.GOV,False,ACTIVE
3347,FPKI-LAB.GOV,False,ACTIVE
3348,FPKI.GOV,False,ACTIVE
3367,MYUSA.GOV,False,ACTIVE
3368,NBRC.GOV,False,ACTIVE
3376,PPIRS.GOV,False,ACTIVE
3382,SAM.GOV,False,ACTIVE
3398,VEF.GOV,False,ACTIVE
3408,FMSHRC.GOV,False,ACTIVE
3438,CAPITOLHILL.GOV,False,ACTIVE
3441,COPYRIGHT.GOV,False,ACTIVE
3450,LAW.GOV,False,ACTIVE
3495,FORDLIBRARYMUSEUM.GOV,False,ACTIVE
3497,GEORGEWBUSHLIBRARY.GOV,False,ACTIVE
3499,JIMMYCARTERLIBRARY.GOV,False,ACTIVE
3501,NARA.GOV,False,ACTIVE
3502,NIXONLIBRARY.GOV,False,ACTIVE
3503,OGIS.GOV,False,ACTIVE
3504,OURDOCUMENTS.GOV,False,ACTIVE
3505,REAGANLIBRARY.GOV,False,ACTIVE
3506,RECORDSMANAGEMENT.GOV,False,ACTIVE
3507,WARTIMECONTRACTING.GOV,False,ACTIVE
3508,WEBHARVEST.GOV,False,ACTIVE
3509,NCPC.GOV,False,ACTIVE
3510,NCD.GOV,False,ACTIVE
3511,MYCREDITUNION.GOV,False,ACTIVE
3512,NCUA.GOV,False,ACTIVE
3513,ARTS.GOV,False,ACTIVE
3514,NEA.GOV,False,ACTIVE
3515,HUMANITIES.GOV,False,ACTIVE
3516,NEH.GOV,False,ACTIVE
3517,PCAH.GOV,False,ACTIVE
3518,WETHEPEOPLE.GOV,False,ACTIVE
3519,NGA.GOV,False,ACTIVE
3520,NIGC.GOV,False,ACTIVE
3521,NLRB.GOV,False,ACTIVE
3522,NMB.GOV,False,ACTIVE
3523,NANO.GOV,False,ACTIVE
3524,ARCTIC.GOV,False,ACTIVE
3525,ARCTICGAS.GOV,False,ACTIVE
3526,NSF.GOV,False,ACTIVE
3527,RESEARCH.GOV,False,ACTIVE
3528,SAC.GOV,False,ACTIVE
3529,SBIR.GOV,False,ACTIVE
3530,SCIENCE360.GOV,False,ACTIVE
3531,USAP.GOV,False,ACTIVE
3532,LPS.GOV,False,ACTIVE
3533,NTSB.GOV,False,ACTIVE
3534,ITRD.GOV,False,ACTIVE
3536,HERITAGEABROAD.GOV,False,ACTIVE
3537,IAB.GOV,False,ACTIVE
3538,JUSFC.GOV,False,ACTIVE
3539,NWTRB.GOV,False,ACTIVE
3540,PPPL.GOV,False,ACTIVE
3541,SERVEINDIANA.GOV,False,ACTIVE
3542,SJI.GOV,False,ACTIVE
3543,WMATC.GOV,False,ACTIVE
3544,NRC-GATEWAY.GOV,False,ACTIVE
3545,NRC.GOV,False,ACTIVE
3546,OSHRC.GOV,False,ACTIVE
3547,INTEGRITY.GOV,False,ACTIVE
3548,APPLICATIONMANAGER.GOV,False,ACTIVE
3549,CHCOC.GOV,False,ACTIVE
3550,E-QIP.GOV,False,ACTIVE
3551,EMPLOYEEEXPRESS.GOV,False,ACTIVE
3552,FEB.GOV,False,ACTIVE
3553,FEDERALJOBS.GOV,False,ACTIVE
3554,FEDJOBS.GOV,False,ACTIVE
3555,FEDSHIREVETS.GOV,False,ACTIVE
3556,FEGLI.GOV,False,ACTIVE
3557,FSAFEDS.GOV,False,ACTIVE
3558,GOLEARN.GOV,False,ACTIVE
3559,GOVERNMENTJOBS.GOV,False,ACTIVE
3560,HRU.GOV,False,ACTIVE
3561,LMRCOUNCIL.GOV,False,ACTIVE
3562,OPM.GOV,False,ACTIVE
3563,PAC.GOV,False,ACTIVE
3564,PMF.GOV,False,ACTIVE
3565,TELEWORK.GOV,False,ACTIVE
3566,UNLOCKTALENT.GOV,False,ACTIVE
3567,USAJOBS.GOV,False,ACTIVE
3568,USALEARNING.GOV,False,ACTIVE
3569,USASTAFFING.GOV,False,ACTIVE
3570,OPIC.GOV,False,ACTIVE
3571,PBGC.GOV,False,ACTIVE
3572,PRC.GOV,False,ACTIVE
3573,RRB.GOV,False,ACTIVE
3574,EDUCATIONJOBSFUND.GOV,False,ACTIVE
3575,FEDERALACCOUNTABILITY.GOV,False,ACTIVE
3576,FEDERALREPORTING.GOV,False,ACTIVE
3577,FEDERALTRANSPARENCY.GOV,False,ACTIVE
3578,RATB.GOV,False,ACTIVE
3579,RECOVERY.GOV,False,ACTIVE
3580,404.GOV,False,ACTIVE
3581,INVESTOR.GOV,False,ACTIVE
3582,SEC.GOV,False,ACTIVE
3583,SSS.GOV,False,ACTIVE
3584,BUSINESS.GOV,False,ACTIVE
3586,HSA.GOV,False,ACTIVE
3587,NWBC.GOV,False,ACTIVE
3588,ONLINEWBC.GOV,False,ACTIVE
3589,SBA.GOV,False,ACTIVE
3590,SMALLBUSINESS.GOV,False,ACTIVE
3591,WOMENBIZ.GOV,False,ACTIVE
3592,ITIS.GOV,False,ACTIVE
3593,SEGUROSOCIAL.GOV,False,ACTIVE
3594,SOCIALSECURITY.GOV,False,ACTIVE
3595,SSA.GOV,False,ACTIVE
3597,SSAB.GOV,False,ACTIVE
3598,STENNIS.GOV,False,ACTIVE
3599,TVA.GOV,False,ACTIVE
3600,TVAOIG.GOV,False,ACTIVE
3601,TSC.GOV,False,ACTIVE
3602,PTF.GOV,False,ACTIVE
3603,BANKRUPTCY.GOV,False,ACTIVE
3604,CAVC.GOV,False,ACTIVE
3605,DCSC.GOV,False,ACTIVE
3606,FEDCIR.GOV,False,ACTIVE
3607,FEDERALCOURTS.GOV,False,ACTIVE
3608,FEDERALPROBATION.GOV,False,ACTIVE
3609,FEDERALRULES.GOV,False,ACTIVE
3610,FJC.GOV,False,ACTIVE
3611,JUDICIALCONFERENCE.GOV,False,ACTIVE
3612,NMCOURT.FED.US,False,ACTIVE
3613,PACER.GOV,False,ACTIVE
3614,SC-US.GOV,False,ACTIVE
3615,SCINET-TEST.GOV,False,ACTIVE
3616,SCINET.GOV,False,ACTIVE
3617,SCUS.GOV,False,ACTIVE
3621,USBANKRUPTCY.GOV,False,ACTIVE
3622,USC.GOV,False,ACTIVE
3624,USCOURTS.GOV,False,ACTIVE
3628,USTAXCOURT.GOV,False,ACTIVE
3630,AOC.GOV,False,ACTIVE
3636,CECC.GOV,False,ACTIVE
3638,CHINACOMMISSION.GOV,False,ACTIVE
3644,DEMOCRATICWHIP.GOV,False,ACTIVE
3646,DEMS.GOV,False,ACTIVE
3651,GOP.GOV,False,ACTIVE
3658,HOUSELIVE.GOV,False,ACTIVE
3660,JCT.GOV,False,ACTIVE
3665,PPDCECC.GOV,False,ACTIVE
3667,SENATE.GOV,False,ACTIVE
3668,SENATERESTAURANTS.GOV,False,ACTIVE
3669,SPEAKER.GOV,False,ACTIVE
3670,TAXREFORM.GOV,False,ACTIVE
3671,USBG.GOV,False,ACTIVE
3672,USCAPITAL.GOV,False,ACTIVE
3673,USCAPITOL.GOV,False,ACTIVE
3674,USCAPITOLVISITORCENTER.GOV,False,ACTIVE
3675,USCVC.GOV,False,ACTIVE
3676,VISITTHECAPITAL.GOV,False,ACTIVE
3677,VISITTHECAPITOL.GOV,False,ACTIVE
3678,WORLDWAR1CENTENNIAL.GOV,False,ACTIVE
3680,ACCESS-BOARD.GOV,False,ACTIVE
3681,USHMM.GOV,False,ACTIVE
3682,USITC.GOV,False,ACTIVE
3683,OSC.GOV,False,ACTIVE
3684,OSCNET.GOV,False,ACTIVE
3685,PEACECORE.GOV,False,ACTIVE
3686,PEACECORP.GOV,False,ACTIVE
3689,POSTOFFICE.GOV,False,ACTIVE
3702,USAID.GOV,False,ACTIVE
3703,USAIDALLNET.GOV,False,ACTIVE
3705,USCP.GOV,False,ACTIVE
3706,CHEMSAFETY.GOV,False,ACTIVE
3707,CSB.GOV,False,ACTIVE
3708,SAFETYVIDEOS.GOV,False,ACTIVE
3709,CFA.GOV,False,ACTIVE
3711,USPSOIG.GOV,False,ACTIVE
3714,CARBONCYCLESCIENCE.GOV,False,ACTIVE
3715,GLOBALCHANGE.GOV,False,ACTIVE
3716,IPCC-WG2.GOV,False,ACTIVE
3717,USGCRP.GOV,False,ACTIVE
3718,OGE.GOV,False,ACTIVE
3719,USOGE.GOV,False,ACTIVE
3720,ICH.GOV,False,ACTIVE
3721,USICH.GOV,False,ACTIVE
3722,PHC-NSN.GOV,False,ACTIVE
3723,29PALMSBOMI-NSN.GOV,False,ACTIVE
3724,ABSENTEESHAWNEETRIBE-NSN.GOV,False,ACTIVE
3725,AGUACALIENTE-NSN.GOV,False,ACTIVE
3726,BADRIVER-NSN.GOV,False,ACTIVE
3727,BARONA-NSN.GOV,False,ACTIVE
3728,BEARRIVER-NSN.GOV,False,ACTIVE
3730,BIHASITKA-NSN.GOV,False,ACTIVE
3731,BLUELAKERANCHERIA-NSN.GOV,False,ACTIVE
3732,BOISFORTE-NSN.GOV,False,ACTIVE
3733,BRB-NSN.GOV,False,ACTIVE
3734,BURNSPAIUTE-NSN.GOV,False,ACTIVE
3735,CABAZONINDIANS-NSN.GOV,False,ACTIVE
3741,CHEROKEE-NSN.GOV,False,ACTIVE
3746,CHICKASAWGOVERNMENT-NSN.GOV,False,ACTIVE
3759,CROW-NSN.GOV,False,ACTIVE
3760,CRST-NSN.GOV,False,ACTIVE
3764,ESTOO-NSN.GOV,False,ACTIVE
3766,EYAK-NSN.GOV,False,ACTIVE
3769,FORTSILLAPACHE-NSN.GOV,False,ACTIVE
3771,GILARIVER-NSN.GOV,False,ACTIVE
3773,GLT-NSN.GOV,False,ACTIVE
3781,ISLETAPUEBLO-NSN.GOV,False,ACTIVE
3783,KAIBABPAIUTE-NSN.GOV,False,ACTIVE
3786,KBIC-NSN.GOV,False,ACTIVE
3787,KENAITZE-NSN.GOV,False,ACTIVE
3789,KTIK-NSN.GOV,False,ACTIVE
3790,LAGUNA-NSN.GOV,False,ACTIVE
3791,LAGUNAPUEBLO-NSN.GOV,False,ACTIVE
3802,MESAGRANDEBAND-NSN.GOV,False,ACTIVE
3807,MILLELACSBAND-NSN.GOV,False,ACTIVE
3817,NISQUALLY-NSN.GOV,False,ACTIVE
3820,NVB-NSN.GOV,False,ACTIVE
3824,ONEIDA-NSN.GOV,False,ACTIVE
3837,POKAGONBAND-NSN.GOV,False,ACTIVE
3842,ROSEBUDSIOUXTRIBE-NSN.GOV,False,ACTIVE
3847,SANTAANA-NSN.GOV,False,ACTIVE
3848,SANTAROSACAHUILLA-NSN.GOV,False,ACTIVE
3852,SEMINOLENATION-NSN.GOV,False,ACTIVE
3855,SIR-NSN.GOV,False,ACTIVE
3861,SRPMIC-NSN.GOV,False,ACTIVE
3864,SWO-NSN.GOV,False,ACTIVE
3868,TMDCI-NSN.GOV,False,ACTIVE
3871,TONATION-NSN.GOV,False,ACTIVE
3878,UPPERSIOUXCOMMUNITY-NSN.GOV,False,ACTIVE
3890,CHILKAT-NSN.GOV,False,ACTIVE
3899,511MAINE.GOV,False,ACTIVE
3903,ACCESSTN.GOV,False,ACTIVE
3906,AGAZ.GOV,False,ACTIVE
3907,AK.GOV,False,ACTIVE
3917,ALABAMASMP.GOV,False,ACTIVE
3918,ALABAMAVOTES.GOV,False,ACTIVE
3919,ALABPP.GOV,False,ACTIVE
3920,ALACHUACOUNTYFL.GOV,False,ACTIVE
3921,ALACOP.GOV,False,ACTIVE
3922,ALACOURT.GOV,False,ACTIVE
3923,ALADA.GOV,False,ACTIVE
3924,ALADNA.GOV,False,ACTIVE
3925,ALASAFE.GOV,False,ACTIVE
3926,ALASKA.GOV,False,ACTIVE
3927,ALASKACARE.GOV,False,ACTIVE
3928,ALBUQUERQUE-NM.GOV,False,ACTIVE
3929,ALDOI.GOV,False,ACTIVE
3930,ALEA.GOV,False,ACTIVE
3931,ALEXANDERCOUNTYNC.GOV,False,ACTIVE
3932,ALGONAC-MI.GOV,False,ACTIVE
3933,ALHOUSE.GOV,False,ACTIVE
3934,ALLENDALENJ.GOV,False,ACTIVE
3935,ALPHARETTA-GA.GOV,False,ACTIVE
3936,ALSENATE.GOV,False,ACTIVE
3952,ARIZONATREASURES.GOV,False,ACTIVE
3960,ASAFERFLORIDA.GOV,False,ACTIVE
3998,AZCC.GOV,False,ACTIVE
4004,AZCOOP.GOV,False,ACTIVE
4005,AZCORPCOM.GOV,False,ACTIVE
4022,AZDOA.GOV,False,ACTIVE
4023,AZDOC.GOV,False,ACTIVE
4043,AZGFD.GOV,False,ACTIVE
4055,AZHOUSING.GOV,False,ACTIVE
4056,AZHS.GOV,False,ACTIVE
4060,AZJOBCONNECTION.GOV,False,ACTIVE
4069,AZLIQUOR.GOV,False,ACTIVE
4082,AZPA.GOV,False,ACTIVE
4083,AZPARKS.GOV,False,ACTIVE
4088,AZPPSE.GOV,False,ACTIVE
4098,AZRUCO.GOV,False,ACTIVE
4106,AZSTATEJOBS.GOV,False,ACTIVE
4108,AZSTATS.GOV,False,ACTIVE
4149,BLACKSBURG.GOV,False,ACTIVE
4154,BOATIDAHO.GOV,False,ACTIVE
4157,BOULDER-CO.GOV,False,ACTIVE
4158,BOULDERCITY-NV.GOV,False,ACTIVE
4179,CA.GOV,False,ACTIVE
4181,CALAISVERMONT.GOV,False,ACTIVE
4182,CALIFORNIA.GOV,False,ACTIVE
4194,CENTERLINE.GOV,False,ACTIVE
4206,CITYOFBOSTON.GOV,False,ACTIVE
4212,CITYOFHONDO-TX.GOV,False,ACTIVE
4217,CITYOFMENASHA-WI.GOV,False,ACTIVE
4218,CITYOFNOVI-MI.GOV,False,ACTIVE
4219,CITYOFOLYMPIA-WA.GOV,False,ACTIVE
4221,CITYOFPASSAICNJ.GOV,False,ACTIVE
4223,CITYOFROCHESTER.GOV,False,ACTIVE
4224,CITYOFSAFFORD-AZ.GOV,False,ACTIVE
4225,CITYOFSANTAANA-CA.GOV,False,ACTIVE
4226,CITYOFSEATTLE.GOV,False,ACTIVE
4227,CITYOFSTMARYSPA.GOV,False,ACTIVE
4228,CITYOFSUNRISEFL.GOV,False,ACTIVE
4229,CITYOFSUNRISEFLORIDA.GOV,False,ACTIVE
4230,CITYOFWARRENPA.GOV,False,ACTIVE
4231,CITYOFWESTPALMBEACH-FL.GOV,False,ACTIVE
4232,CITYOLYMPIA-WA.GOV,False,ACTIVE
4233,CITYOLYMPIAWA.GOV,False,ACTIVE
4234,CLAIMITTN.GOV,False,ACTIVE
4235,CLARKECOUNTY.GOV,False,ACTIVE
4236,CLATSOPCOUNTYOR.GOV,False,ACTIVE
4237,CLAYCOUNTYIN.GOV,False,ACTIVE
4238,CLEVELANDWI.GOV,False,ACTIVE
4239,CLINTONTOWNSHIP-MI.GOV,False,ACTIVE
4240,CO.GOV,False,ACTIVE
4241,COAG.GOV,False,ACTIVE
4243,COBERTURAMEDICAILLINOIS.GOV,False,ACTIVE
4257,COLORADOPOSTGRANTS.GOV,False,ACTIVE
4262,COMPARECAREWV.GOV,False,ACTIVE
4264,CONNECTINGALABAMA.GOV,False,ACTIVE
4268,COSIPA.GOV,False,ACTIVE
4269,COUNCILBLUFFS-IA.GOV,False,ACTIVE
4270,COUNTYOFVENTURACA.GOV,False,ACTIVE
4271,COURTNEWSOHIO.GOV,False,ACTIVE
4272,COURTSWV.GOV,False,ACTIVE
4273,COVERTENNESSEE.GOV,False,ACTIVE
4274,COVERTN.GOV,False,ACTIVE
4275,COWORKFORCE.GOV,False,ACTIVE
4276,CRAWFORDCOUNTYMO.GOV,False,ACTIVE
4277,CRESTEDBUTTE-CO.GOV,False,ACTIVE
4278,CRYSTALMN.GOV,False,ACTIVE
4279,CSTX.GOV,False,ACTIVE
4280,CT.GOV,False,ACTIVE
4281,CTALERT.GOV,False,ACTIVE
4282,CTBROWNFIELDS.GOV,False,ACTIVE
4283,CTGROWN.GOV,False,ACTIVE
4284,CTPROBATE.GOV,False,ACTIVE
4285,DA16CO.GOV,False,ACTIVE
4289,DC.GOV,False,ACTIVE
4290,DCAPPEALS.GOV,False,ACTIVE
4291,DCCODE.GOV,False,ACTIVE
4292,DCCOUNCIL.GOV,False,ACTIVE
4293,DCCOURT.GOV,False,ACTIVE
4294,DCCOURTS.GOV,False,ACTIVE
4295,DCCOURTSNEWS.GOV,False,ACTIVE
4296,DE.GOV,False,ACTIVE
4297,DECATUR-AL.GOV,False,ACTIVE
4298,DECATURBRIDGE-AL.GOV,False,ACTIVE
4299,DEL.GOV,False,ACTIVE
4300,DELAWARE.GOV,False,ACTIVE
4301,DELAWAREINSURANCE.GOV,False,ACTIVE
4302,DELDOT.GOV,False,ACTIVE
4303,DESMOINESWA.GOV,False,ACTIVE
4304,DESOTOTEXAS.GOV,False,ACTIVE
4305,DETROITMI.GOV,False,ACTIVE
4306,DEVAZ.GOV,False,ACTIVE
4307,DEXTERMI.GOV,False,ACTIVE
4308,DICKINSON-TX.GOV,False,ACTIVE
4309,DIGITALARIZONA.GOV,False,ACTIVE
4310,DIGITALAZ.GOV,False,ACTIVE
4311,DMG.GOV,False,ACTIVE
4312,DNSSECOHIO.GOV,False,ACTIVE
4313,DNSTESTOHIO.GOV,False,ACTIVE
4314,DOJMT.GOV,False,ACTIVE
4315,DORAL-FL.GOV,False,ACTIVE
4316,DOUBLECHECKIOWA.GOV,False,ACTIVE
4317,DRACUTMA.GOV,False,ACTIVE
4318,DUDLEYMA.GOV,False,ACTIVE
4319,DUMASTX.GOV,False,ACTIVE
4320,DURHAMNC.GOV,False,ACTIVE
4321,DUTCHESSNY.GOV,False,ACTIVE
4322,DWGPA.GOV,False,ACTIVE
4323,EARLYLEARNINGOHIO.GOV,False,ACTIVE
4324,EASTHAM-MA.GOV,False,ACTIVE
4325,EASTON-PA.GOV,False,ACTIVE
4326,EASTVALLEYFUSIONCENTERAZ.GOV,False,ACTIVE
4327,EASTWINDSOR-CT.GOV,False,ACTIVE
4328,EAUCLAIREWI.GOV,False,ACTIVE
4329,EDGECOMBECOUNTYNC.GOV,False,ACTIVE
4330,EDGEWOODKY.GOV,False,ACTIVE
4331,EDUCATEIOWA.GOV,False,ACTIVE
4332,EFILETEXAS.GOV,False,ACTIVE
4333,EGREMONT-MA.GOV,False,ACTIVE
4334,EHAWAII.GOV,False,ACTIVE
4335,EISGATEWAYPACIFICWA.GOV,False,ACTIVE
4336,ELBERTCOUNTY-CO.GOV,False,ACTIVE
4337,ELEARNINGNC.GOV,False,ACTIVE
4338,ELIZABETHTOWNKY.GOV,False,ACTIVE
4339,ELMONTECA.GOV,False,ACTIVE
4340,EMANUELCO-GA.GOV,False,ACTIVE
4341,ENFIELD-CT.GOV,False,ACTIVE
4342,EUGENE-OR.GOV,False,ACTIVE
4343,EVFCAZ.GOV,False,ACTIVE
4344,EVFUSIONCENTERAZ.GOV,False,ACTIVE
4345,EWYOMING.GOV,False,ACTIVE
4346,EXPLOREMAINE.GOV,False,ACTIVE
4347,FAIRFAXCOUNTY.GOV,False,ACTIVE
4348,FAIRFAXCOUNTYVA.GOV,False,ACTIVE
4349,FAIRHAVEN-MA.GOV,False,ACTIVE
4350,FAMILYRESOURCEAZ.GOV,False,ACTIVE
4351,FARGO-ND.GOV,False,ACTIVE
4352,FAYETTECOUNTYGA.GOV,False,ACTIVE
4353,FAYETTEVILLE-GA.GOV,False,ACTIVE
4354,FBCIOHIO.GOV,False,ACTIVE
4355,FILELOCAL-WA.GOV,False,ACTIVE
4356,FIRESTONECO.GOV,False,ACTIVE
4357,FIRSTTHINGSFIRSTAZ.GOV,False,ACTIVE
4358,FISHKILL-NY.GOV,False,ACTIVE
4359,FL.GOV,False,ACTIVE
4360,FLBOARDOFMEDICINE.GOV,False,ACTIVE
4361,FLCENSUS.GOV,False,ACTIVE
4362,FLCOURTS1.GOV,False,ACTIVE
4363,FLDOI.GOV,False,ACTIVE
4364,FLHEALTH.GOV,False,ACTIVE
4365,FLHEALTH125.GOV,False,ACTIVE
4366,FLHEALTHSOURCE.GOV,False,ACTIVE
4367,FLHISTORICCAPITOL.GOV,False,ACTIVE
4368,FLHL.GOV,False,ACTIVE
4369,FLHOUSE.GOV,False,ACTIVE
4370,FLHSMV.GOV,False,ACTIVE
4371,FLLEG.GOV,False,ACTIVE
4372,FLLEGISLATIVEMAILINGS.GOV,False,ACTIVE
4373,FLORIDA.GOV,False,ACTIVE
4374,FLORIDAABUSEHOTLINE.GOV,False,ACTIVE
4375,FLORIDAHEALTH.GOV,False,ACTIVE
4376,FLORIDAHEALTHFINDER.GOV,False,ACTIVE
4377,FLORIDALOBBYIST.GOV,False,ACTIVE
4378,FLORIDANET.GOV,False,ACTIVE
4379,FLORIDAOPC.GOV,False,ACTIVE
4380,FLORIDAPACE.GOV,False,ACTIVE
4381,FLORIDAREDISTRICTING.GOV,False,ACTIVE
4382,FLORIDASACUPUNCTURE.GOV,False,ACTIVE
4383,FLORIDASATHLETICTRAINING.GOV,False,ACTIVE
4384,FLORIDASCHIROPRACTICMEDICINE.GOV,False,ACTIVE
4385,FLORIDASCHOOLBUSSAFETY.GOV,False,ACTIVE
4386,FLORIDASCLINICALLABS.GOV,False,ACTIVE
4396,FLORIDASOPTICIANRY.GOV,False,ACTIVE
4412,FOIA-DC.GOV,False,ACTIVE
4415,FRAMES.GOV,False,ACTIVE
4416,FRANKLIN-NJ.GOV,False,ACTIVE
4418,FRANKLINWI.GOV,False,ACTIVE
4426,GA.GOV,False,ACTIVE
4437,GEORGIACOURTS.GOV,False,ACTIVE
4441,GILBERTAZ.GOV,False,ACTIVE
4450,GUAM.GOV,False,ACTIVE
4451,HADDONFIELD-NJ.GOV,False,ACTIVE
4456,HAMPTONVA.GOV,False,ACTIVE
4458,HANOVERCOUNTY.GOV,False,ACTIVE
4467,HCGAZ.GOV,False,ACTIVE
4468,HCSHERIFF.GOV,False,ACTIVE
4469,HEALTH-E-ARIZONA-PLUS.GOV,False,ACTIVE
4470,HEALTH-E-ARIZONAPLUS.GOV,False,ACTIVE
4471,HEALTHCAREHELPMASS.GOV,False,ACTIVE
4472,HEALTHEARIZONA.GOV,False,ACTIVE
4473,HEALTHEARIZONAPLUS.GOV,False,ACTIVE
4474,HEALTHFINDERLA.GOV,False,ACTIVE
4475,HEALTHVERMONT.GOV,False,ACTIVE
4476,HEALTHYIOWA.GOV,False,ACTIVE
4477,HEALTHYSD.GOV,False,ACTIVE
4478,HEALTHYTEETHAZ.GOV,False,ACTIVE
4479,HI.GOV,False,ACTIVE
4480,HIGHPOINT-NC.GOV,False,ACTIVE
4481,HIGHPOINTNC.GOV,False,ACTIVE
4482,HIJOSSALUDABLESOREGON.GOV,False,ACTIVE
4483,HIREACOLORADOVET.GOV,False,ACTIVE
4484,HOMEAGAINNEVADA.GOV,False,ACTIVE
4485,HOMEBASEIOWA.GOV,False,ACTIVE
4486,HOMEMEANSNEVADA.GOV,False,ACTIVE
4487,HONDO-TX.GOV,False,ACTIVE
4488,HONOLULU.GOV,False,ACTIVE
4489,HOUSTONTX.GOV,False,ACTIVE
4490,HUNTSVILLETX.GOV,False,ACTIVE
4491,HURONTOWNSHIP-MI.GOV,False,ACTIVE
4492,IA.GOV,False,ACTIVE
4493,IAABATEDOC.GOV,False,ACTIVE
4494,IAHEALTHLINK.GOV,False,ACTIVE
4495,IASHP.GOV,False,ACTIVE
4496,IASIMPLEABATE.GOV,False,ACTIVE
4497,IAVOTERS.GOV,False,ACTIVE
4498,ID.GOV,False,ACTIVE
4499,IDAHO.GOV,False,ACTIVE
4500,IDAHOBYWAYS.GOV,False,ACTIVE
4501,IDAHOPREPARES.GOV,False,ACTIVE
4502,IDAHOVOTES.GOV,False,ACTIVE
4503,IDAHOWORKS.GOV,False,ACTIVE
4504,IHAVEAPLANIOWA.GOV,False,ACTIVE
4505,IJOBSIOWA.GOV,False,ACTIVE
4506,IL.GOV,False,ACTIVE
4507,ILGA.GOV,False,ACTIVE
4508,ILLINOIS-HISTORY.GOV,False,ACTIVE
4509,ILLINOIS.GOV,False,ACTIVE
4510,ILLINOISATTORNEYGENERAL.GOV,False,ACTIVE
4511,ILLINOISCOURTS.GOV,False,ACTIVE
4512,ILLINOISHISTORY.GOV,False,ACTIVE
4513,ILLINOISTREASURER.GOV,False,ACTIVE
4514,ILSOS.GOV,False,ACTIVE
4515,IN.GOV,False,ACTIVE
4516,INDEPENDENCEMO.GOV,False,ACTIVE
4517,INDIANA.GOV,False,ACTIVE
4518,INDIANAMOTORSPORTS.GOV,False,ACTIVE
4519,INDIANAUNCLAIMED.GOV,False,ACTIVE
4520,INDIANHEADPARK-IL.GOV,False,ACTIVE
4521,INNOCENCECOMMISSION-NC.GOV,False,ACTIVE
4522,INTEGRATEAZ.GOV,False,ACTIVE
4523,INVESTINOHIO.GOV,False,ACTIVE
4524,INVESTSMARTIOWA.GOV,False,ACTIVE
4525,INVITATIONTOBID-OHIO.GOV,False,ACTIVE
4526,INVITATIONTOBIDOHIO.GOV,False,ACTIVE
4527,IOWA.GOV,False,ACTIVE
4528,IOWAAGING.GOV,False,ACTIVE
4529,IOWAAGRICULTURE.GOV,False,ACTIVE
4530,IOWAATTORNEYGENERAL.GOV,False,ACTIVE
4531,IOWACHILDSUPPORT.GOV,False,ACTIVE
4532,IOWACLEANAIR.GOV,False,ACTIVE
4533,IOWACOLLEGEAID.GOV,False,ACTIVE
4534,IOWACOLLEGEAIDDATACENTER.GOV,False,ACTIVE
4535,IOWACORE.GOV,False,ACTIVE
4536,IOWACOURTS.GOV,False,ACTIVE
4537,IOWACULTURE.GOV,False,ACTIVE
4538,IOWADIVISIONOFLABOR.GOV,False,ACTIVE
4539,IOWADNR.GOV,False,ACTIVE
4540,IOWADOT.GOV,False,ACTIVE
4541,IOWAELECTRICAL.GOV,False,ACTIVE
4542,IOWAELEVATORS.GOV,False,ACTIVE
4543,IOWAFINANCEAUTHORITY.GOV,False,ACTIVE
4544,IOWAFINANCIALAIDAPPLICATION.GOV,False,ACTIVE
4545,IOWAFORMS.GOV,False,ACTIVE
4546,IOWAFRAUDFIGHTERS.GOV,False,ACTIVE
4547,IOWAGRANTS.GOV,False,ACTIVE
4548,IOWAGREATPLACES.GOV,False,ACTIVE
4549,IOWAJNC.GOV,False,ACTIVE
4550,IOWAJQC.GOV,False,ACTIVE
4551,IOWAMORTGAGEHELP.GOV,False,ACTIVE
4552,IOWANEXT.GOV,False,ACTIVE
4553,IOWAOSHA.GOV,False,ACTIVE
4554,IOWAPIB.GOV,False,ACTIVE
4555,IOWAPMA.GOV,False,ACTIVE
4556,IOWASMOKEFREEAIR.GOV,False,ACTIVE
4557,IOWASTEM.GOV,False,ACTIVE
4558,IOWATAXANDTAGS.GOV,False,ACTIVE
4559,IOWATEST.GOV,False,ACTIVE
4560,IOWATITLEGUARANTY.GOV,False,ACTIVE
4561,IOWATREASURER.GOV,False,ACTIVE
4562,IOWAWORKCOMP.GOV,False,ACTIVE
4563,IOWAWORKFORCEDEVELOPMENT.GOV,False,ACTIVE
4564,JACKSONVILLENC.GOV,False,ACTIVE
4565,JASPERINDIANA.GOV,False,ACTIVE
4566,JERSEYCITYNJ.GOV,False,ACTIVE
4567,JOBS4TN.GOV,False,ACTIVE
4568,JOBSFORTN.GOV,False,ACTIVE
4569,KANAWHACOUNTYWV.GOV,False,ACTIVE
4570,KANSAS.GOV,False,ACTIVE
4571,KANSASCITYMO.GOV,False,ACTIVE
4572,KANSASEMPLOYER.GOV,False,ACTIVE
4573,KANSASREADY.GOV,False,ACTIVE
4574,KANSASTAG.GOV,False,ACTIVE
4575,KCMO.GOV,False,ACTIVE
4576,KDHEKS.GOV,False,ACTIVE
4577,KEITHCOUNTYNE.GOV,False,ACTIVE
4578,KENTCOUNTYMI.GOV,False,ACTIVE
4579,KENTUCKY.GOV,False,ACTIVE
4580,KIDCENTRALTENNESSEE.GOV,False,ACTIVE
4581,KIDCENTRALTN.GOV,False,ACTIVE
4582,KPL.GOV,False,ACTIVE
4583,KS.GOV,False,ACTIVE
4584,KSDA.GOV,False,ACTIVE
4585,KSHOUSINGCORP.GOV,False,ACTIVE
4586,KSREADY.GOV,False,ACTIVE
4587,KY.GOV,False,ACTIVE
4588,LA.GOV,False,ACTIVE
4589,LAFASTSTART.GOV,False,ACTIVE
4595,LAKEPARKFLORIDA.GOV,False,ACTIVE
4603,LEESBURGVA.GOV,False,ACTIVE
4604,LEGALNOTICE-OHIO.GOV,False,ACTIVE
4607,LEXINGTONMA.GOV,False,ACTIVE
4614,LODI.GOV,False,ACTIVE
4617,LONDONBRITAINTOWNSHIP-PA.GOV,False,ACTIVE
4618,LONGVIEW-WA.GOV,False,ACTIVE
4625,LOUISIANAFASTSTART.GOV,False,ACTIVE
4626,LOUISIANAMAP.GOV,False,ACTIVE
4640,MAINEQUALITYFORUM.GOV,False,ACTIVE
4646,MALIBU-CA.GOV,False,ACTIVE
4651,MARIETTAGA.GOV,False,ACTIVE
4654,MARYLAND.GOV,False,ACTIVE
4656,MARYLANDHEALTHCONNECTION.GOV,False,ACTIVE
4668,MDCOURTS.GOV,False,ACTIVE
4673,MESQUITENV.GOV,False,ACTIVE
4676,MI.GOV,False,ACTIVE
4678,MIAMI-FL.GOV,False,ACTIVE
4679,MIBUSINESS1STOP.GOV,False,ACTIVE
4688,MINNESOTA.GOV,False,ACTIVE
4712,MS.GOV,False,ACTIVE
4713,MSHOMEHELP.GOV,False,ACTIVE
4714,MSLMI.GOV,False,ACTIVE
4720,MVPD.GOV,False,ACTIVE
4721,MYALABAMA.GOV,False,ACTIVE
4722,MYALASKA.GOV,False,ACTIVE
4723,MYFLORIDA.GOV,False,ACTIVE
4724,MYFLORIDACENSUS.GOV,False,ACTIVE
4725,MYFLORIDAHOUSE.GOV,False,ACTIVE
4726,MYHAWAII.GOV,False,ACTIVE
4727,MYIN.GOV,False,ACTIVE
4728,MYINDIANA.GOV,False,ACTIVE
4729,MYNCRETIREMENT.GOV,False,ACTIVE
4730,MYNEVADA.GOV,False,ACTIVE
4731,MYOHIO.GOV,False,ACTIVE
4732,MYSC.GOV,False,ACTIVE
4733,MYTENNESSEE.GOV,False,ACTIVE
4734,NAPA-CA.GOV,False,ACTIVE
4735,NASHCOUNTYNC.GOV,False,ACTIVE
4736,NASSAUCOUNTYNY.GOV,False,ACTIVE
4737,NATICKMA.GOV,False,ACTIVE
4738,NATRONACOUNTY-WY.GOV,False,ACTIVE
4739,NAVASOTATX.GOV,False,ACTIVE
4740,NC.GOV,False,ACTIVE
4741,NCAGR.GOV,False,ACTIVE
4742,NCBAR.GOV,False,ACTIVE
4743,NCBROADBAND.GOV,False,ACTIVE
4744,NCCARELINK.GOV,False,ACTIVE
4745,NCCERTIFIEDPARALEGAL.GOV,False,ACTIVE
4748,NCCPABOARD.GOV,False,ACTIVE
4749,NCCRIMELAB.GOV,False,ACTIVE
4753,NCDHHS.GOV,False,ACTIVE
4760,NCFORECLOSUREPREVENTION.GOV,False,ACTIVE
4763,NCGRANTS.GOV,False,ACTIVE
4764,NCICAC.GOV,False,ACTIVE
4779,NCSTA.GOV,False,ACTIVE
4786,NDCENSUS.GOV,False,ACTIVE
4796,NEBRASKA.GOV,False,ACTIVE
4800,NEBRASKASPENDING.GOV,False,ACTIVE
4804,NETWORKMARYLAND.GOV,False,ACTIVE
4811,NEWFIELDSNH.GOV,False,ACTIVE
4822,NIAGARACOUNTY-NY.GOV,False,ACTIVE
4824,NJ.GOV,False,ACTIVE
4834,NJHAS.GOV,False,ACTIVE
4850,NJSENIORGOLD.GOV,False,ACTIVE
4855,NJSTART.GOV,False,ACTIVE
4860,NMSTO.GOV,False,ACTIVE
4879,NYASSEMBLY.GOV,False,ACTIVE
4883,NYCOURTS.GOV,False,ACTIVE
4884,NYGOVOFFICE.GOV,False,ACTIVE
4892,NYSCANALS.GOV,False,ACTIVE
4906,OHIOAGRICULTURE.GOV,False,ACTIVE
4911,OHIOBMV.GOV,False,ACTIVE
4919,OHIOHOUSE.GOV,False,ACTIVE
4922,OHIOJUDICIALCENTER.GOV,False,ACTIVE
4923,OHIOLIVESTOCKCARESTANDARDS.GOV,False,ACTIVE
4936,OHIOSUPREMECOURT.GOV,False,ACTIVE
4937,OHIOTALENTREADY.GOV,False,ACTIVE
4960,OKSENATE.GOV,False,ACTIVE
4962,OLDLYME-CT.GOV,False,ACTIVE
4964,OLYMPIAWA.GOV,False,ACTIVE
4971,OR-MEDICAID.GOV,False,ACTIVE
4991,ORHEALTHCARE.GOV,False,ACTIVE
4997,PA.GOV,False,ACTIVE
5019,PEQUOTLAKES-MN.GOV,False,ACTIVE
5027,PINECREST-FL.GOV,False,ACTIVE
5028,PINELLASCOUNTY-FL.GOV,False,ACTIVE
5030,PINETOPLAKESIDEAZ.GOV,False,ACTIVE
5035,POMFRETCT.GOV,False,ACTIVE
5043,PROVINCETOWN-MA.GOV,False,ACTIVE
5048,PUTNAMCOUNTYTN.GOV,False,ACTIVE
5051,RAMAPO-NY.GOV,False,ACTIVE
5055,READYVIRGINIA.GOV,False,ACTIVE
5058,REDDING-CA.GOV,False,ACTIVE
5067,RIALTOCA.GOV,False,ACTIVE
5072,RIVERTONWY.GOV,False,ACTIVE
5074,ROANOKECOUNTYVA.GOV,False,ACTIVE
5090,SAFESD.GOV,False,ACTIVE
5096,SANTABARBARACA.GOV,False,ACTIVE
5105,SCDPS.GOV,False,ACTIVE
5109,SCHOUSE.GOV,False,ACTIVE
5110,SCOH.GOV,False,ACTIVE
5114,SCOTTSDALEAZ.GOV,False,ACTIVE
5124,SEATTLE.GOV,False,ACTIVE
5129,SERVEIDAHO.GOV,False,ACTIVE
5142,SOCORRONM.GOV,False,ACTIVE
5147,SPRINGFIELDMO.GOV,False,ACTIVE
5148,STAGINGAZ.GOV,False,ACTIVE
5166,TAKOMAPARKMD.GOV,False,ACTIVE
5176,TENNESSEERECONNECT.GOV,False,ACTIVE
5191,THERIGHTCALLIOWA.GOV,False,ACTIVE
5192,THESTATEOFSOUTHCAROLINA.GOV,False,ACTIVE
5196,TNCOURTS.GOV,False,ACTIVE
5197,TNECD.GOV,False,ACTIVE
5210,TOWERLAKES-IL.GOV,False,ACTIVE
5216,TOWNOFTROUTVILLE-VA.GOV,False,ACTIVE
5222,TRUSTTN.GOV,False,ACTIVE
5228,TX511.GOV,False,ACTIVE
5232,TXDOT.GOV,False,ACTIVE
5235,TXMAP.GOV,False,ACTIVE
5247,VERMONTHEALTHCONNECT.GOV,False,ACTIVE
5264,VIRGINIASTATEPARKS.GOV,False,ACTIVE
5276,WA.GOV,False,ACTIVE
5283,WARRACRES-OK.GOV,False,ACTIVE
5287,WASHINGTONCOUNTYNY.GOV,False,ACTIVE
5308,WHITMAN-MA.GOV,False,ACTIVE
5310,WI-TIME.GOV,False,ACTIVE
5323,WINTERPORTMAINE.GOV,False,ACTIVE
5332,WISCONSINROUNDABOUTS.GOV,False,ACTIVE
5337,WVAGO.GOV,False,ACTIVE
2441,DCPSA.GOV,True,SERVER-HOLD
2790,FERO.GOV,True,SERVER-HOLD
2947,CONSERVATION.GOV,True,SERVER-HOLD
3151,VET-BIZ.GOV,True,SERVER-HOLD
3153,VETSUCCESS.GOV,True,SERVER-HOLD
3154,BTO.GOV,True,SERVER-HOLD
3712,TDA.GOV,True,SERVER-HOLD
3742,CHEYENNERIVERSIOUXTRIBE-NSN.GOV,True,SERVER-HOLD
3761,CST-NSN.GOV,True,SERVER-HOLD
3821,NWBSHOSHONE-NSN.GOV,True,SERVER-HOLD
3826,ONEIDANATION-NSN.GOV,True,SERVER-HOLD
3849,SAUK-SUIATTLE-NSN.GOV,True,SERVER-HOLD
3853,SHINNECOCK-NSN.GOV,True,SERVER-HOLD
3869,TOLC-NSN.GOV,True,SERVER-HOLD
3879,UPPERSKAGIT-NSN.GOV,True,SERVER-HOLD
5339,WVCOMMERCE.GOV,,ACTIVE
5340,WVCONSUMERPROTECTION.GOV,,ACTIVE
5341,WVCSI.GOV,,ACTIVE
5342,WVDHSEM.GOV,,ACTIVE
5343,WVDMV.GOV,,ACTIVE
5344,WVDNR.GOV,,ACTIVE
5345,WVHOUSE.GOV,,ACTIVE
5346,WVINSURANCE.GOV,,ACTIVE
5347,WVLEGISLATURE.GOV,,ACTIVE
5348,WVOASIS.GOV,,ACTIVE
5349,WVOT.GOV,,ACTIVE
5350,WVOTA.GOV,,ACTIVE
5351,WVPRESIDENT.GOV,,ACTIVE
5352,WVPURCHASING.GOV,,ACTIVE
5353,WVREVENUE.GOV,,ACTIVE
5354,WVSAO.GOV,,ACTIVE
5355,WVSENATE.GOV,,ACTIVE
5356,WVSENIORSERVICES.GOV,,ACTIVE
5357,WVSP.GOV,,ACTIVE
5358,WVSPEAKER.GOV,,ACTIVE
5359,WVSTO.GOV,,ACTIVE
5360,WVSURPLUS.GOV,,ACTIVE
5361,WVTAX.GOV,,ACTIVE
5362,WY.GOV,,ACTIVE
5363,WYCAMPAIGNFINANCE.GOV,,ACTIVE
5364,WYINVESTORAWARENESS.GOV,,ACTIVE
5365,WYO.GOV,,ACTIVE
5366,WYOBOARDS.GOV,,ACTIVE
5367,WYOLEG.GOV,,ACTIVE
5368,WYOMING.GOV,,ACTIVE
5369,WYOMINGAGCARE.GOV,,ACTIVE
5370,WYOMINGFOSTERCARE.GOV,,ACTIVE
5371,WYOMINGLMI.GOV,,ACTIVE
5372,WYOMINGOFFICEOFTOURISM.GOV,,ACTIVE
5373,WYOREG.GOV,,ACTIVE
5374,WYWINDFALL.GOV,,ACTIVE
5375,YADKINCOUNTY.GOV,,ACTIVE
5376,YADKINCOUNTYNC.GOV,,ACTIVE
5377,YAMHILLCOUNTY-OR.GOV,,ACTIVE
5378,YANCEYVILLENC.GOV,,ACTIVE
5379,YUCAIPA-CA.GOV,,ACTIVE
5380,ZAPATACOUNTYTX.GOV,,ACTIVE
5381,ZEROINWISCONSIN.GOV,,ACTIVE
5382,ZIONSVILLE-IN.GOV,,ACTIVE
