Domain Name,Domain Type,Agency
18F.GOV,Federal Agency,General Services Administration
ACUS.GOV,Federal Agency,Administrative Conference of the United States
ACHP.GOV,Federal Agency,Advisory Council on Historic Preservation
PRESERVEAMERICA.GOV,Federal Agency,Advisory Council on Historic Preservation
ADF.GOV,Federal Agency,African Development Foundation
USADF.GOV,Federal Agency,African Development Foundation
ABMC.GOV,Federal Agency,American Battle Monuments Commission
AMTRAKOIG.GOV,Federal Agency,AMTRAK
ARC.GOV,Federal Agency,Appalachian Regional Commission
ASC.GOV,Federal Agency,Appraisal Subcommittee
AFRH.GOV,Federal Agency,Armed Forces Retirement Home
CIA.GOV,Federal Agency,Central Intelligence Agency
IC.GOV,Federal Agency,Central Intelligence Agency
ISTAC.GOV,Federal Agency,Central Intelligence Agency
NCTC.GOV,Federal Agency,Central Intelligence Agency
ODCI.GOV,Federal Agency,Central Intelligence Agency
OPENSOURCE.GOV,Federal Agency,Central Intelligence Agency
OSDE.GOV,Federal Agency,Central Intelligence Agency
TTIC.GOV,Federal Agency,Central Intelligence Agency
UCIA.GOV,Federal Agency,Central Intelligence Agency
CHRISTOPHERCOLUMBUSFOUNDATION.GOV,Federal Agency,Christopher Columbus Fellowship Foundation
CAP.GOV,Federal Agency,Civil Air Patrol
CAPNHQ.GOV,Federal Agency,Civil Air Patrol
ABILITYONE.FED.US,Federal Agency,Comm for People Who Are Blind/Severly Disabled
ABILITYONE.GOV,Federal Agency,Comm for People Who Are Blind/Severly Disabled
JWOD.GOV,Federal Agency,Comm for People Who Are Blind/Severly Disabled
CFTC.GOV,Federal Agency,Commodity Futures Trading Commission
SMARTCHECK.GOV,Federal Agency,Commodity Futures Trading Commission
COMPLIANCE.GOV,Federal Agency,Congressional Office of Compliance
BCFP.GOV,Federal Agency,Consumer Financial Protection Bureau
CFPA.GOV,Federal Agency,Consumer Financial Protection Bureau
CFPB.GOV,Federal Agency,Consumer Financial Protection Bureau
CONSUMERBUREAU.GOV,Federal Agency,Consumer Financial Protection Bureau
CONSUMERFINANCE.GOV,Federal Agency,Consumer Financial Protection Bureau
CONSUMERFINANCIAL.GOV,Federal Agency,Consumer Financial Protection Bureau
CONSUMERFINANCIALBUREAU.GOV,Federal Agency,Consumer Financial Protection Bureau
CONSUMERFINANCIALPROTECTIONBUREAU.GOV,Federal Agency,Consumer Financial Protection Bureau
CONSUMERPROTECTION.GOV,Federal Agency,Consumer Financial Protection Bureau
CONSUMERPROTECTIONBUREAU.GOV,Federal Agency,Consumer Financial Protection Bureau
ATVSAFETY.GOV,Federal Agency,Consumer Product Safety Commission
CPSC.GOV,Federal Agency,Consumer Product Safety Commission
DRYWALLRESPONSE.GOV,Federal Agency,Consumer Product Safety Commission
POOLSAFELY.GOV,Federal Agency,Consumer Product Safety Commission
POOLSAFETY.GOV,Federal Agency,Consumer Product Safety Commission
RECALLS.GOV,Federal Agency,Consumer Product Safety Commission
SAFERPRODUCT.GOV,Federal Agency,Consumer Product Safety Commission
SAFERPRODUCTS.GOV,Federal Agency,Consumer Product Safety Commission
SEGURIDADCONSUMIDOR.GOV,Federal Agency,Consumer Product Safety Commission
AMERICORE.GOV,Federal Agency,Corporation for National & Community Service
AMERICORP.GOV,Federal Agency,Corporation for National & Community Service
AMERICORPS.GOV,Federal Agency,Corporation for National & Community Service
AMERICORPSCONNECT.GOV,Federal Agency,Corporation for National & Community Service
AMERICORPSWEEK.GOV,Federal Agency,Corporation for National & Community Service
CNCS.GOV,Federal Agency,Corporation for National & Community Service
CNCSOIG.GOV,Federal Agency,Corporation for National & Community Service
CNS.GOV,Federal Agency,Corporation for National & Community Service
FEDERALMENTORINGCOUNCIL.GOV,Federal Agency,Corporation for National & Community Service
GETINVOLVED.GOV,Federal Agency,Corporation for National & Community Service
LEARNANDSERVE.GOV,Federal Agency,Corporation for National & Community Service
MLKDAY.GOV,Federal Agency,Corporation for National & Community Service
NATIONALSERVICE.GOV,Federal Agency,Corporation for National & Community Service
NATIONALSERVICEGEAR.GOV,Federal Agency,Corporation for National & Community Service
NATIONALSERVICERESOURCES.GOV,Federal Agency,Corporation for National & Community Service
PRESIDENTIALSERVICEAWARDS.GOV,Federal Agency,Corporation for National & Community Service
SENIORCORPS.GOV,Federal Agency,Corporation for National & Community Service
SERVE.GOV,Federal Agency,Corporation for National & Community Service
SERVICE.GOV,Federal Agency,Corporation for National & Community Service
SERVICELEARNING.GOV,Federal Agency,Corporation for National & Community Service
SERVIR.GOV,Federal Agency,Corporation for National & Community Service
VISTA.GOV,Federal Agency,Corporation for National & Community Service
VISTACAMPUS.GOV,Federal Agency,Corporation for National & Community Service
VOLUNTEERINGINAMERICA.GOV,Federal Agency,Corporation for National & Community Service
CIGIE.GOV,Federal Agency,Council of Inspector General on Integrity and Efficiency
IGNET.GOV,Federal Agency,Council of Inspector General on Integrity and Efficiency
CSOSA.FED.US,Federal Agency,Court Services and Offender Supervision
CSOSA.GOV,Federal Agency,Court Services and Offender Supervision
DCPSA.GOV,Federal Agency,Court Services and Offender Supervision
PRETRIALSERVICES.GOV,Federal Agency,Court Services and Offender Supervision
PSA.GOV,Federal Agency,Court Services and Offender Supervision
DNFSB.GOV,Federal Agency,Defense Nuclear Facilities Safety Board
DRA.GOV,Federal Agency,Delta Regional Authority
DENALI.GOV,Federal Agency,Denali Commission
AFF.GOV,Federal Agency,Department of Agriculture
AG.GOV,Federal Agency,Department of Agriculture
ARS-GRIN.GOV,Federal Agency,Department of Agriculture
ARSUSDA.GOV,Federal Agency,Department of Agriculture
ASKKAREN.GOV,Federal Agency,Department of Agriculture
BEFOODSAFE.GOV,Federal Agency,Department of Agriculture
BIOPREFERRED.GOV,Federal Agency,Department of Agriculture
CHOOSEMYPLATE.GOV,Federal Agency,Department of Agriculture
COASTALAMERICA.GOV,Federal Agency,Department of Agriculture
DIETARYGUIDELINES.GOV,Federal Agency,Department of Agriculture
EMPOWHR.GOV,Federal Agency,Department of Agriculture
EXECSEC.GOV,Federal Agency,Department of Agriculture
FARMERCLAIMS.GOV,Federal Agency,Department of Agriculture
FEMALEFARMERCLAIMS.GOV,Federal Agency,Department of Agriculture
FIREINSTITUTE.GOV,Federal Agency,Department of Agriculture
FOODSAFETYJOBS.GOV,Federal Agency,Department of Agriculture
FOODSAFETYWORKINGGROUP.GOV,Federal Agency,Department of Agriculture
FORESTSANDRANGELANDS.GOV,Federal Agency,Department of Agriculture
FS.FED.US,Federal Agency,Department of Agriculture
FSWG.GOV,Federal Agency,Department of Agriculture
GREEN.GOV,Federal Agency,Department of Agriculture
HISPANICFARMERCLAIMS.GOV,Federal Agency,Department of Agriculture
ICBEMP.GOV,Federal Agency,Department of Agriculture
IIOG.GOV,Federal Agency,Department of Agriculture
INVASIVESPECIESINFO.GOV,Federal Agency,Department of Agriculture
IPM.GOV,Federal Agency,Department of Agriculture
ISITDONEYET.GOV,Federal Agency,Department of Agriculture
ITAP.GOV,Federal Agency,Department of Agriculture
JUNIORFORESTRANGER.GOV,Federal Agency,Department of Agriculture
LATINOFARMERCLAIMS.GOV,Federal Agency,Department of Agriculture
LCACOMMONS.GOV,Federal Agency,Department of Agriculture
MTBS.GOV,Federal Agency,Department of Agriculture
NAFRI.GOV,Federal Agency,Department of Agriculture
NEL.GOV,Federal Agency,Department of Agriculture
NSTL.GOV,Federal Agency,Department of Agriculture
NUTRITION.GOV,Federal Agency,Department of Agriculture
NUTRITIONEVIDENCELIBRARY.GOV,Federal Agency,Department of Agriculture
NWCG.GOV,Federal Agency,Department of Agriculture
PREGUNTELEAKAREN.GOV,Federal Agency,Department of Agriculture
RECREATION.GOV,Federal Agency,Department of Agriculture
REO.GOV,Federal Agency,Department of Agriculture
SMOKEYBEAR.GOV,Federal Agency,Department of Agriculture
START2FARM.GOV,Federal Agency,Department of Agriculture
SYMBOLS.GOV,Federal Agency,Department of Agriculture
THEPEOPLESGARDEN.GOV,Federal Agency,Department of Agriculture
USDA.GOV,Federal Agency,Department of Agriculture
USDAPII.GOV,Federal Agency,Department of Agriculture
VALLESCALDERA.GOV,Federal Agency,Department of Agriculture
WILDFIRE.GOV,Federal Agency,Department of Agriculture
WOMENFARMERCLAIMS.GOV,Federal Agency,Department of Agriculture
WOODSY.GOV,Federal Agency,Department of Agriculture
WOODSYOWL.GOV,Federal Agency,Department of Agriculture
AP.GOV,Federal Agency,Department of Commerce
AVIATIONWEATHER.GOV,Federal Agency,Department of Commerce
BEA.GOV,Federal Agency,Department of Commerce
BLDRDOC.GOV,Federal Agency,Department of Commerce
BUYUSA.GOV,Federal Agency,Department of Commerce
CBP.GOV,Federal Agency,Department of Commerce
CENSUS.GOV,Federal Agency,Department of Commerce
CIVILRIGHTSUSA.GOV,Federal Agency,Department of Commerce
CLIMATE.GOV,Federal Agency,Department of Commerce
CLIMATECHANGE.GOV,Federal Agency,Department of Commerce
COMMERCE.GOV,Federal Agency,Department of Commerce
COOP-USPTO.GOV,Federal Agency,Department of Commerce
DIGITALLITERACY.GOV,Federal Agency,Department of Commerce
DNSOPS.GOV,Federal Agency,Department of Commerce
DOC.GOV,Federal Agency,Department of Commerce
DROUGHT.GOV,Federal Agency,Department of Commerce
E3.GOV,Federal Agency,Department of Commerce
EDA.GOV,Federal Agency,Department of Commerce
ESA.GOV,Federal Agency,Department of Commerce
EXPORT.GOV,Federal Agency,Department of Commerce
FCSM.GOV,Federal Agency,Department of Commerce
FEDSTATS.GOV,Federal Agency,Department of Commerce
FIRSTNET.GOV,Federal Agency,Department of Commerce
FISHWATCH.GOV,Federal Agency,Department of Commerce
GETYOUHOME.GOV,Federal Agency,Department of Commerce
GLOBALENTRY.GOV,Federal Agency,Department of Commerce
GOES-R.GOV,Federal Agency,Department of Commerce
GPS.GOV,Federal Agency,Department of Commerce
HURRICANES.GOV,Federal Agency,Department of Commerce
ITDS.GOV,Federal Agency,Department of Commerce
MANUFACTURING.GOV,Federal Agency,Department of Commerce
MAPSTATS.GOV,Federal Agency,Department of Commerce
MARINECADASTRE.GOV,Federal Agency,Department of Commerce
MBDA.GOV,Federal Agency,Department of Commerce
NEHRP.GOV,Federal Agency,Department of Commerce
NIST.GOV,Federal Agency,Department of Commerce
NOAA.GOV,Federal Agency,Department of Commerce
NOAAWATCH.GOV,Federal Agency,Department of Commerce
NTIS.GOV,Federal Agency,Department of Commerce
OFCM.GOV,Federal Agency,Department of Commerce
PAPAHANAUMOKUAKEA.GOV,Federal Agency,Department of Commerce
PSCR.GOV,Federal Agency,Department of Commerce
RESTORETHEGULF.GOV,Federal Agency,Department of Commerce
SDR.GOV,Federal Agency,Department of Commerce
SELECTUSA.GOV,Federal Agency,Department of Commerce
SPACEWEATHER.GOV,Federal Agency,Department of Commerce
SPECTRUM.GOV,Federal Agency,Department of Commerce
STANDARDS.GOV,Federal Agency,Department of Commerce
TIME.GOV,Federal Agency,Department of Commerce
TRADE.GOV,Federal Agency,Department of Commerce
TSUNAMI.GOV,Federal Agency,Department of Commerce
USPTO.GOV,Federal Agency,Department of Commerce
WDOL.GOV,Federal Agency,Department of Commerce
WEATHER.GOV,Federal Agency,Department of Commerce
ADLNET.GOV,Federal Agency,Department of Defense
AFTAC.GOV,Federal Agency,Department of Defense
ALTUSANDC.GOV,Federal Agency,Department of Defense
BRAC.GOV,Federal Agency,Department of Defense
CMTS.GOV,Federal Agency,Department of Defense
CNSS.GOV,Federal Agency,Department of Defense
CTTSO.GOV,Federal Agency,Department of Defense
DEFENSE.GOV,Federal Agency,Department of Defense
DOD.GOV,Federal Agency,Department of Defense
EACLEARINGHOUSE.GOV,Federal Agency,Department of Defense
ERDC.GOV,Federal Agency,Department of Defense
FVAP.GOV,Federal Agency,Department of Defense
IAD.GOV,Federal Agency,Department of Defense
IOSS.GOV,Federal Agency,Department of Defense
ITC.GOV,Federal Agency,Department of Defense
JCCS.GOV,Federal Agency,Department of Defense
MCRMC.GOV,Federal Agency,Department of Defense
MOJAVEDATA.GOV,Federal Agency,Department of Defense
MTMC.GOV,Federal Agency,Department of Defense
MYPAY.GOV,Federal Agency,Department of Defense
NCR.GOV,Federal Agency,Department of Defense
NRO.GOV,Federal Agency,Department of Defense
NROJR.GOV,Federal Agency,Department of Defense
NSA.GOV,Federal Agency,Department of Defense
NSEP.GOV,Federal Agency,Department of Defense
OEA.GOV,Federal Agency,Department of Defense
OSDBU.GOV,Federal Agency,Department of Defense
PENTAGON.GOV,Federal Agency,Department of Defense
SAFEXCHANGE.GOV,Federal Agency,Department of Defense
SITEIDIQ.GOV,Federal Agency,Department of Defense
TSWG.GOV,Federal Agency,Department of Defense
USANDC.GOV,Federal Agency,Department of Defense
AAPI.GOV,Federal Agency,Department of Education
BFELOB.GOV,Federal Agency,Department of Education
CHILDSTATS.GOV,Federal Agency,Department of Education
COLLEGE.GOV,Federal Agency,Department of Education
COLLEGENAVIGATOR.GOV,Federal Agency,Department of Education
ED.GOV,Federal Agency,Department of Education
EDPUBS.GOV,Federal Agency,Department of Education
EDUCATION.GOV,Federal Agency,Department of Education
FAFSA.GOV,Federal Agency,Department of Education
FSAPUBS.GOV,Federal Agency,Department of Education
G5.GOV,Federal Agency,Department of Education
NAGB.GOV,Federal Agency,Department of Education
NATIONSREPORTCARD.GOV,Federal Agency,Department of Education
OPPORTUNITY.GOV,Federal Agency,Department of Education
STUDENTAID.GOV,Federal Agency,Department of Education
STUDENTLOANS.GOV,Federal Agency,Department of Education
AMESLAB.GOV,Federal Agency,Department of Energy
ANL.GOV,Federal Agency,Department of Energy
ARM.GOV,Federal Agency,Department of Energy
BIOMASSBOARD.GOV,Federal Agency,Department of Energy
BNL.GOV,Federal Agency,Department of Energy
BPA.GOV,Federal Agency,Department of Energy
BRC.GOV,Federal Agency,Department of Energy
BUILDINGAMERICA.GOV,Federal Agency,Department of Energy
CASL.GOV,Federal Agency,Department of Energy
CEBAF.GOV,Federal Agency,Department of Energy
CENDI.GOV,Federal Agency,Department of Energy
CRT2014-2024REVIEW.GOV,Federal Agency,Department of Energy
DOE.GOV,Federal Agency,Department of Energy
DOEAL.GOV,Federal Agency,Department of Energy
EIA.GOV,Federal Agency,Department of Energy
ENERGY.GOV,Federal Agency,Department of Energy
ENERGYCODES.GOV,Federal Agency,Department of Energy
ENERGYPLUS.GOV,Federal Agency,Department of Energy
ENERGYSAVER.GOV,Federal Agency,Department of Energy
ENERGYSAVERS.GOV,Federal Agency,Department of Energy
FNAL.GOV,Federal Agency,Department of Energy
FUELECONOMY.GOV,Federal Agency,Department of Energy
HANFORD.GOV,Federal Agency,Department of Energy
HIGHPERFORMANCEBUILDINGS.GOV,Federal Agency,Department of Energy
HOMEENERGYSCORE.GOV,Federal Agency,Department of Energy
HYDROGEN.GOV,Federal Agency,Department of Energy
INEL.GOV,Federal Agency,Department of Energy
INL.GOV,Federal Agency,Department of Energy
ISCIENCE.GOV,Federal Agency,Department of Energy
ISOTOPE.GOV,Federal Agency,Department of Energy
ISOTOPES.GOV,Federal Agency,Department of Energy
KAPL.GOV,Federal Agency,Department of Energy
LANL.GOV,Federal Agency,Department of Energy
LBL.GOV,Federal Agency,Department of Energy
LLNL.GOV,Federal Agency,Department of Energy
NCCRC.GOV,Federal Agency,Department of Energy
NCCS.GOV,Federal Agency,Department of Energy
NCRC.GOV,Federal Agency,Department of Energy
NERSC.GOV,Federal Agency,Department of Energy
NEUP.GOV,Federal Agency,Department of Energy
NREL.GOV,Federal Agency,Department of Energy
NRELHUB.GOV,Federal Agency,Department of Energy
NTRC.GOV,Federal Agency,Department of Energy
NUCLEAR.GOV,Federal Agency,Department of Energy
ORAU.GOV,Federal Agency,Department of Energy
ORNL.GOV,Federal Agency,Department of Energy
OSTI.GOV,Federal Agency,Department of Energy
PNL.GOV,Federal Agency,Department of Energy
PNNL.GOV,Federal Agency,Department of Energy
RL.GOV,Federal Agency,Department of Energy
SALMONRECOVERY.GOV,Federal Agency,Department of Energy
SANDIA.GOV,Federal Agency,Department of Energy
SCIDAC.GOV,Federal Agency,Department of Energy
SCIENCE.GOV,Federal Agency,Department of Energy
SCIENCEACCELERATOR.GOV,Federal Agency,Department of Energy
SCIENCEEDUCATION.GOV,Federal Agency,Department of Energy
SMARTGRID.GOV,Federal Agency,Department of Energy
SNS.GOV,Federal Agency,Department of Energy
SOLARDECATHLON.GOV,Federal Agency,Department of Energy
SRS.GOV,Federal Agency,Department of Energy
SWPA.GOV,Federal Agency,Department of Energy
UNNPP.GOV,Federal Agency,Department of Energy
UNRPNET.GOV,Federal Agency,Department of Energy
WAPA.GOV,Federal Agency,Department of Energy
WINDPOWERINGAMERICA.GOV,Federal Agency,Department of Energy
YMP.GOV,Federal Agency,Department of Energy
ACF.GOV,Federal Agency,Department of Health And Human Services
ACL.GOV,Federal Agency,Department of Health And Human Services
AFTERSCHOOL.GOV,Federal Agency,Department of Health And Human Services
AGINGSTATS.GOV,Federal Agency,Department of Health And Human Services
AHCPR.GOV,Federal Agency,Department of Health And Human Services
AHRQ.GOV,Federal Agency,Department of Health And Human Services
AIDS.GOV,Federal Agency,Department of Health And Human Services
ALZHEIMERS.GOV,Federal Agency,Department of Health And Human Services
AOA.GOV,Federal Agency,Department of Health And Human Services
BAM.GOV,Federal Agency,Department of Health And Human Services
BESTBONESFOREVER.GOV,Federal Agency,Department of Health And Human Services
BETOBACCOFREE.GOV,Federal Agency,Department of Health And Human Services
BIOETHICS.GOV,Federal Agency,Department of Health And Human Services
BIOSECURITYBOARD.GOV,Federal Agency,Department of Health And Human Services
CANCER.GOV,Federal Agency,Department of Health And Human Services
CANCERNET.GOV,Federal Agency,Department of Health And Human Services
CDC.GOV,Federal Agency,Department of Health And Human Services
CHILDWELFARE.GOV,Federal Agency,Department of Health And Human Services
CLINICALTRIAL.GOV,Federal Agency,Department of Health And Human Services
CLINICALTRIALS.GOV,Federal Agency,Department of Health And Human Services
CLUBDRUGS.GOV,Federal Agency,Department of Health And Human Services
CMS.GOV,Federal Agency,Department of Health And Human Services
COLLEGEDRINKINGPREVENTION.GOV,Federal Agency,Department of Health And Human Services
CUIDADODESALUD.GOV,Federal Agency,Department of Health And Human Services
DHHS.GOV,Federal Agency,Department of Health And Human Services
DIABETESCOMMITTEE.GOV,Federal Agency,Department of Health And Human Services
DOCLINE.GOV,Federal Agency,Department of Health And Human Services
DRUGABUSE.GOV,Federal Agency,Department of Health And Human Services
DRUGFREEWORKPLACE.GOV,Federal Agency,Department of Health And Human Services
EDISON.GOV,Federal Agency,Department of Health And Human Services
ELDERCARE.GOV,Federal Agency,Department of Health And Human Services
ENDINGTHEDOCUMENTGAME.GOV,Federal Agency,Department of Health And Human Services
ERRP.GOV,Federal Agency,Department of Health And Human Services
FATHERHOOD.GOV,Federal Agency,Department of Health And Human Services
FDA.GOV,Federal Agency,Department of Health And Human Services
FINDYOUTHINFO.GOV,Federal Agency,Department of Health And Human Services
FITNESS.GOV,Federal Agency,Department of Health And Human Services
FLU.GOV,Federal Agency,Department of Health And Human Services
FOODSAFETY.GOV,Federal Agency,Department of Health And Human Services
FRUITSANDVEGGIESMATTER.GOV,Federal Agency,Department of Health And Human Services
GENBANK.GOV,Federal Agency,Department of Health And Human Services
GENOME.GOV,Federal Agency,Department of Health And Human Services
GIRLSHEALTH.GOV,Federal Agency,Department of Health And Human Services
GLOBALHEALTH.GOV,Federal Agency,Department of Health And Human Services
GRANTS.GOV,Federal Agency,Department of Health And Human Services
GRANTSOLUTIONS.GOV,Federal Agency,Department of Health And Human Services
GUIDELINE.GOV,Federal Agency,Department of Health And Human Services
GUIDELINES.GOV,Federal Agency,Department of Health And Human Services
HCQUALITYCOMMISSION.GOV,Federal Agency,Department of Health And Human Services
HEALTH.GOV,Federal Agency,Department of Health And Human Services
HEALTHCARE.GOV,Federal Agency,Department of Health And Human Services
HEALTHDATA.GOV,Federal Agency,Department of Health And Human Services
HEALTHFINDER.GOV,Federal Agency,Department of Health And Human Services
HEALTHINDICATORS.GOV,Federal Agency,Department of Health And Human Services
HEALTHIT.GOV,Federal Agency,Department of Health And Human Services
HEALTHREFORM.GOV,Federal Agency,Department of Health And Human Services
HEALTHYPEOPLE.GOV,Federal Agency,Department of Health And Human Services
HEARTTRUTH.GOV,Federal Agency,Department of Health And Human Services
HHS.GOV,Federal Agency,Department of Health And Human Services
HHSOIG.GOV,Federal Agency,Department of Health And Human Services
HHSOPS.GOV,Federal Agency,Department of Health And Human Services
HIV.GOV,Federal Agency,Department of Health And Human Services
HRSA.GOV,Federal Agency,Department of Health And Human Services
IEDISON.GOV,Federal Agency,Department of Health And Human Services
IHS.GOV,Federal Agency,Department of Health And Human Services
INSUREKIDSNOW.GOV,Federal Agency,Department of Health And Human Services
LOCATORPLUS.GOV,Federal Agency,Department of Health And Human Services
LONGTERMCARE.GOV,Federal Agency,Department of Health And Human Services
MEDICAID.GOV,Federal Agency,Department of Health And Human Services
MEDICALCOUNTERMEASURES.GOV,Federal Agency,Department of Health And Human Services
MEDICALRESERVECORPS.GOV,Federal Agency,Department of Health And Human Services
MEDICARE.GOV,Federal Agency,Department of Health And Human Services
MEDLINE.GOV,Federal Agency,Department of Health And Human Services
MEDLINEPLUS.GOV,Federal Agency,Department of Health And Human Services
MENTALHEALTH.GOV,Federal Agency,Department of Health And Human Services
MESH.GOV,Federal Agency,Department of Health And Human Services
MIMEDICARE.GOV,Federal Agency,Department of Health And Human Services
MYMEDICARE.GOV,Federal Agency,Department of Health And Human Services
NATIONALCHILDRENSSTUDY.GOV,Federal Agency,Department of Health And Human Services
NCIFCRF.GOV,Federal Agency,Department of Health And Human Services
NGC.GOV,Federal Agency,Department of Health And Human Services
NIH.GOV,Federal Agency,Department of Health And Human Services
NIHSENIORHEALTH.GOV,Federal Agency,Department of Health And Human Services
NIOSH.GOV,Federal Agency,Department of Health And Human Services
NLM.GOV,Federal Agency,Department of Health And Human Services
NNLM.GOV,Federal Agency,Department of Health And Human Services
ORGANDONOR.GOV,Federal Agency,Department of Health And Human Services
PANDEMICFLU.GOV,Federal Agency,Department of Health And Human Services
PAPERWORKREDUCTION.GOV,Federal Agency,Department of Health And Human Services
PCIP.GOV,Federal Agency,Department of Health And Human Services
PHE.GOV,Federal Agency,Department of Health And Human Services
PSC.GOV,Federal Agency,Department of Health And Human Services
PUBMED.GOV,Federal Agency,Department of Health And Human Services
PUBMEDCENTRAL.GOV,Federal Agency,Department of Health And Human Services
QUIC.GOV,Federal Agency,Department of Health And Human Services
QUICK.GOV,Federal Agency,Department of Health And Human Services
RECOVERYMONTH.GOV,Federal Agency,Department of Health And Human Services
SAFEYOUTH.GOV,Federal Agency,Department of Health And Human Services
SAMHSA.GOV,Federal Agency,Department of Health And Human Services
SELECTAGENTS.GOV,Federal Agency,Department of Health And Human Services
SMOKEFREE.GOV,Federal Agency,Department of Health And Human Services
STEROIDABUSE.GOV,Federal Agency,Department of Health And Human Services
STOPALCOHOLABUSE.GOV,Federal Agency,Department of Health And Human Services
STOPBULLYING.GOV,Federal Agency,Department of Health And Human Services
STOPMEDICAREFRAUD.GOV,Federal Agency,Department of Health And Human Services
SURGEONGENERAL.GOV,Federal Agency,Department of Health And Human Services
THECOOLSPOT.GOV,Federal Agency,Department of Health And Human Services
THEREALCOST.GOV,Federal Agency,Department of Health And Human Services
TISSUEENGINEERING.GOV,Federal Agency,Department of Health And Human Services
TOBACCO.GOV,Federal Agency,Department of Health And Human Services
USABILITY.GOV,Federal Agency,Department of Health And Human Services
USBM.GOV,Federal Agency,Department of Health And Human Services
USPHS.GOV,Federal Agency,Department of Health And Human Services
VACCINES.GOV,Federal Agency,Department of Health And Human Services
WHAGING.GOV,Federal Agency,Department of Health And Human Services
WHITEHOUSECONFERENCEONAGING.GOV,Federal Agency,Department of Health And Human Services
WOMENSHEALTH.GOV,Federal Agency,Department of Health And Human Services
BIOMETRICS.GOV,Federal Agency,Department of Homeland Security
CITIZENCORPS.GOV,Federal Agency,Department of Homeland Security
CPNIREPORTING.GOV,Federal Agency,Department of Homeland Security
DHS.GOV,Federal Agency,Department of Homeland Security
DISASTERASSISTANCE.GOV,Federal Agency,Department of Homeland Security
FEMA.GOV,Federal Agency,Department of Homeland Security
FERO.GOV,Federal Agency,Department of Homeland Security
FIRSTRESPONDER.GOV,Federal Agency,Department of Homeland Security
FIRSTRESPONDERTRAINING.GOV,Federal Agency,Department of Homeland Security
FLETA.GOV,Federal Agency,Department of Homeland Security
FLETC.GOV,Federal Agency,Department of Homeland Security
FLIGHTSCHOOLCANDIDATES.GOV,Federal Agency,Department of Homeland Security
FLOODSMART.GOV,Federal Agency,Department of Homeland Security
HOMELANDSECURITY.GOV,Federal Agency,Department of Homeland Security
ICE.GOV,Federal Agency,Department of Homeland Security
LISTO.GOV,Federal Agency,Department of Homeland Security
LLIS.GOV,Federal Agency,Department of Homeland Security
NMSC.GOV,Federal Agency,Department of Homeland Security
READY.GOV,Federal Agency,Department of Homeland Security
READYBUSINESS.GOV,Federal Agency,Department of Homeland Security
SAFECOMPROGRAM.GOV,Federal Agency,Department of Homeland Security
SAFETYACT.GOV,Federal Agency,Department of Homeland Security
SECRETSERVICE.GOV,Federal Agency,Department of Homeland Security
TSA.GOV,Federal Agency,Department of Homeland Security
US-CERT.GOV,Federal Agency,Department of Homeland Security
USCG.GOV,Federal Agency,Department of Homeland Security
USCIS.GOV,Federal Agency,Department of Homeland Security
USSS.GOV,Federal Agency,Department of Homeland Security
DISASTERHOUSING.GOV,Federal Agency,Department of Housing And Urban Development
FHA.GOV,Federal Agency,Department of Housing And Urban Development
GINNIEMAE.GOV,Federal Agency,Department of Housing And Urban Development
HOMESALES.GOV,Federal Agency,Department of Housing And Urban Development
HUD.GOV,Federal Agency,Department of Housing And Urban Development
HUDOIG.GOV,Federal Agency,Department of Housing And Urban Development
NATIONALHOUSING.GOV,Federal Agency,Department of Housing And Urban Development
NATIONALHOUSINGLOCATOR.GOV,Federal Agency,Department of Housing And Urban Development
NHL.GOV,Federal Agency,Department of Housing And Urban Development
NLS.GOV,Federal Agency,Department of Housing And Urban Development
ADA.GOV,Federal Agency,Department of Justice
ADR.GOV,Federal Agency,Department of Justice
AMBERALERT.GOV,Federal Agency,Department of Justice
ATF.GOV,Federal Agency,Department of Justice
BIOMETRICCOE.GOV,Federal Agency,Department of Justice
BJA.GOV,Federal Agency,Department of Justice
BJS.GOV,Federal Agency,Department of Justice
BOP.GOV,Federal Agency,Department of Justice
CRIMESOLUTIONS.GOV,Federal Agency,Department of Justice
CRIMEVICTIMS.GOV,Federal Agency,Department of Justice
CYBERCRIME.GOV,Federal Agency,Department of Justice
DEA.GOV,Federal Agency,Department of Justice
DEADIVERSION.GOV,Federal Agency,Department of Justice
DEALS.GOV,Federal Agency,Department of Justice
DNA.GOV,Federal Agency,Department of Justice
DSAC.GOV,Federal Agency,Department of Justice
ESPANOLFORLAWENFORCEMENT.GOV,Federal Agency,Department of Justice
FARA.GOV,Federal Agency,Department of Justice
FBI.GOV,Federal Agency,Department of Justice
FBIJOBS.GOV,Federal Agency,Department of Justice
FIRSTFREEDOM.GOV,Federal Agency,Department of Justice
FOIA.GOV,Federal Agency,Department of Justice
FORFEITURE.GOV,Federal Agency,Department of Justice
GETSMARTABOUTDRUGS.GOV,Federal Agency,Department of Justice
HELPINGAMERICASYOUTH.GOV,Federal Agency,Department of Justice
IC3.GOV,Federal Agency,Department of Justice
INTERPOL.GOV,Federal Agency,Department of Justice
IPRCENTER.GOV,Federal Agency,Department of Justice
JUSTICE.GOV,Federal Agency,Department of Justice
JUSTTHINKTWICE.GOV,Federal Agency,Department of Justice
JUVENILECOUNCIL.GOV,Federal Agency,Department of Justice
LEP.GOV,Federal Agency,Department of Justice
LOOKSTOOGOODTOBETRUE.GOV,Federal Agency,Department of Justice
MALWAREINVESTIGATOR.GOV,Federal Agency,Department of Justice
MEDALOFVALOR.GOV,Federal Agency,Department of Justice
NAMUS.GOV,Federal Agency,Department of Justice
NATIONALGANGCENTER.GOV,Federal Agency,Department of Justice
NCIRC.GOV,Federal Agency,Department of Justice
NCJRS.GOV,Federal Agency,Department of Justice
NIBIN.GOV,Federal Agency,Department of Justice
NICIC.GOV,Federal Agency,Department of Justice
NIEM.GOV,Federal Agency,Department of Justice
NIJ.GOV,Federal Agency,Department of Justice
NMVTIS.GOV,Federal Agency,Department of Justice
NSOPW.GOV,Federal Agency,Department of Justice
NVTC.GOV,Federal Agency,Department of Justice
OJJDP.GOV,Federal Agency,Department of Justice
OJP.GOV,Federal Agency,Department of Justice
OVC.GOV,Federal Agency,Department of Justice
OVCTTAC.GOV,Federal Agency,Department of Justice
PROJECTSAFECHILDHOOD.GOV,Federal Agency,Department of Justice
PROJECTSAFENEIGHBORHOODS.GOV,Federal Agency,Department of Justice
PSOB.GOV,Federal Agency,Department of Justice
RCFL.GOV,Federal Agency,Department of Justice
REENTRY.GOV,Federal Agency,Department of Justice
SCRA.GOV,Federal Agency,Department of Justice
SERVICEMEMBERS.GOV,Federal Agency,Department of Justice
SMART.GOV,Federal Agency,Department of Justice
STOPFRAUD.GOV,Federal Agency,Department of Justice
TRIBALJUSTICEANDSAFETY.GOV,Federal Agency,Department of Justice
UCRDATATOOL.GOV,Federal Agency,Department of Justice
UNICOR.GOV,Federal Agency,Department of Justice
USDOJ.GOV,Federal Agency,Department of Justice
USERRA.GOV,Federal Agency,Department of Justice
USMARSHALS.GOV,Federal Agency,Department of Justice
VCF.GOV,Federal Agency,Department of Justice
VEHICLEHISTORY.GOV,Federal Agency,Department of Justice
AMERICASHEROESATWORK.GOV,Federal Agency,Department of Labor
AUTOCOMMUNITIES.GOV,Federal Agency,Department of Labor
BENEFITS.GOV,Federal Agency,Department of Labor
BLS.GOV,Federal Agency,Department of Labor
DISABILITY.GOV,Federal Agency,Department of Labor
DOL-ESA.GOV,Federal Agency,Department of Labor
DOL.GOV,Federal Agency,Department of Labor
DOLETA.GOV,Federal Agency,Department of Labor
GOVBENEFITS.GOV,Federal Agency,Department of Labor
GOVLOANS.GOV,Federal Agency,Department of Labor
JOBCORPS.GOV,Federal Agency,Department of Labor
LABOR.GOV,Federal Agency,Department of Labor
MSHA.GOV,Federal Agency,Department of Labor
MYNEXTMOVE.GOV,Federal Agency,Department of Labor
OSHA.GOV,Federal Agency,Department of Labor
UNIONREPORTS.GOV,Federal Agency,Department of Labor
VETERANS.GOV,Federal Agency,Department of Labor
WHISTLEBLOWERS.GOV,Federal Agency,Department of Labor
WRP.GOV,Federal Agency,Department of Labor
YOUTHRULES.GOV,Federal Agency,Department of Labor
AMERICA.GOV,Federal Agency,Department of State
CIVILIANRESPONSECORPS.GOV,Federal Agency,Department of State
CONTINENTALSHELF.GOV,Federal Agency,Department of State
CWC.GOV,Federal Agency,Department of State
ECOPARTNERSHIPS.GOV,Federal Agency,Department of State
FAN.GOV,Federal Agency,Department of State
FOREIGNASSISTANCE.GOV,Federal Agency,Department of State
FSGB.GOV,Federal Agency,Department of State
GHI.GOV,Federal Agency,Department of State
HUMANRIGHTS.GOV,Federal Agency,Department of State
IAWG.GOV,Federal Agency,Department of State
IBWC.GOV,Federal Agency,Department of State
ICASS.GOV,Federal Agency,Department of State
OSAC.GOV,Federal Agency,Department of State
PEPFAR.GOV,Federal Agency,Department of State
STATE.GOV,Federal Agency,Department of State
USCONSULATE.GOV,Federal Agency,Department of State
USEMBASSY-MEXICO.GOV,Federal Agency,Department of State
USEMBASSY.GOV,Federal Agency,Department of State
USINT.GOV,Federal Agency,Department of State
USMISSION.GOV,Federal Agency,Department of State
USVPP.GOV,Federal Agency,Department of State
ABANDONEDMINES.GOV,Federal Agency,Department of the Interior
ACWI.GOV,Federal Agency,Department of the Interior
ALASKACENTERS.GOV,Federal Agency,Department of the Interior
AMERICANLATINOMUSEUM.GOV,Federal Agency,Department of the Interior
AMERICASGREATOUTDOORS.GOV,Federal Agency,Department of the Interior
ANSTASKFORCE.GOV,Federal Agency,Department of the Interior
BIA.GOV,Federal Agency,Department of the Interior
BIOECO.GOV,Federal Agency,Department of the Interior
BLM.GOV,Federal Agency,Department of the Interior
BLMNTL.GOV,Federal Agency,Department of the Interior
BOEM.GOV,Federal Agency,Department of the Interior
BOEMRE.GOV,Federal Agency,Department of the Interior
BOR.GOV,Federal Agency,Department of the Interior
BSEE.GOV,Federal Agency,Department of the Interior
C3.GOV,Federal Agency,Department of the Interior
COAST2050.GOV,Federal Agency,Department of the Interior
CONSERVATION.GOV,Federal Agency,Department of the Interior
CORALREEF.GOV,Federal Agency,Department of the Interior
CUPCAO.GOV,Federal Agency,Department of the Interior
DOI.GOV,Federal Agency,Department of the Interior
DOIOIG.GOV,Federal Agency,Department of the Interior
EARTHQUAKE.GOV,Federal Agency,Department of the Interior
EVERGLADESRESTORATION.GOV,Federal Agency,Department of the Interior
FCG.GOV,Federal Agency,Department of the Interior
FGDC.GOV,Federal Agency,Department of the Interior
FIRECODE.GOV,Federal Agency,Department of the Interior
FIRELEADERSHIP.GOV,Federal Agency,Department of the Interior
FIRENET.GOV,Federal Agency,Department of the Interior
FIRESCIENCE.GOV,Federal Agency,Department of the Interior
FRCC.GOV,Federal Agency,Department of the Interior
FWS.GOV,Federal Agency,Department of the Interior
GCDAMP.GOV,Federal Agency,Department of the Interior
GCMRC.GOV,Federal Agency,Department of the Interior
GEOCOMMUNICATOR.GOV,Federal Agency,Department of the Interior
GEOMAC.GOV,Federal Agency,Department of the Interior
GEOPLATFORM.GOV,Federal Agency,Department of the Interior
IAT.GOV,Federal Agency,Department of the Interior
INDIANAFFAIRS.GOV,Federal Agency,Department of the Interior
INTERIOR.GOV,Federal Agency,Department of the Interior
INVASIVESPECIES.GOV,Federal Agency,Department of the Interior
JEM.GOV,Federal Agency,Department of the Interior
KLAMATHRESTORATION.GOV,Federal Agency,Department of the Interior
LACOAST.GOV,Federal Agency,Department of the Interior
LANDFIRE.GOV,Federal Agency,Department of the Interior
LANDIMAGING.GOV,Federal Agency,Department of the Interior
LCA.GOV,Federal Agency,Department of the Interior
LCRMSCP.GOV,Federal Agency,Department of the Interior
LMVSCI.GOV,Federal Agency,Department of the Interior
LOWERMISSISSIPPIVALLEYSCIENCE.GOV,Federal Agency,Department of the Interior
MAPAPLANET.GOV,Federal Agency,Department of the Interior
MARINE.GOV,Federal Agency,Department of the Interior
MITIGATIONCOMMISSION.GOV,Federal Agency,Department of the Interior
MMS.GOV,Federal Agency,Department of the Interior
MRGO.GOV,Federal Agency,Department of the Interior
MRLC.GOV,Federal Agency,Department of the Interior
NATIONALATLAS.GOV,Federal Agency,Department of the Interior
NATIONALMAP.GOV,Federal Agency,Department of the Interior
NBC.GOV,Federal Agency,Department of the Interior
NDEP.GOV,Federal Agency,Department of the Interior
NDOP.GOV,Federal Agency,Department of the Interior
NEMI.GOV,Federal Agency,Department of the Interior
NFPORS.GOV,Federal Agency,Department of the Interior
NIFC.GOV,Federal Agency,Department of the Interior
NIFTT.GOV,Federal Agency,Department of the Interior
NOLAENVIRONMENTAL.GOV,Federal Agency,Department of the Interior
NPS.GOV,Federal Agency,Department of the Interior
ONHIR.GOV,Federal Agency,Department of the Interior
ONRR.GOV,Federal Agency,Department of the Interior
OSM.GOV,Federal Agency,Department of the Interior
OSMRE.GOV,Federal Agency,Department of the Interior
PIEDRASBLANCAS.GOV,Federal Agency,Department of the Interior
REPORTBAND.GOV,Federal Agency,Department of the Interior
RIVERS.GOV,Federal Agency,Department of the Interior
SAFECOM.GOV,Federal Agency,Department of the Interior
SCIENCEBASE.GOV,Federal Agency,Department of the Interior
SIERRAWILD.GOV,Federal Agency,Department of the Interior
SNAP.GOV,Federal Agency,Department of the Interior
USBR.GOV,Federal Agency,Department of the Interior
USGS.GOV,Federal Agency,Department of the Interior
UTAHFIREINFO.GOV,Federal Agency,Department of the Interior
VOLCANO.GOV,Federal Agency,Department of the Interior
VOLUNTEER.GOV,Federal Agency,Department of the Interior
WATERMONITOR.GOV,Federal Agency,Department of the Interior
WILDLIFEADAPTATIONSTRATEGY.GOV,Federal Agency,Department of the Interior
WLCI.GOV,Federal Agency,Department of the Interior
YOUTHGO.GOV,Federal Agency,Department of the Interior
AMA.GOV,Federal Agency,Department of the Treasury
AMERICATHEBEAUTIFULQUARTERS.GOV,Federal Agency,Department of the Treasury
ASAP.GOV,Federal Agency,Department of the Treasury
AYUDACONMIBANCO.GOV,Federal Agency,Department of the Treasury
BANKANSWERS.GOV,Federal Agency,Department of the Treasury
BANKCUSTOMER.GOV,Federal Agency,Department of the Treasury
BANKCUSTOMERASSISTANCE.GOV,Federal Agency,Department of the Treasury
BANKHELP.GOV,Federal Agency,Department of the Treasury
BANKNET.GOV,Federal Agency,Department of the Treasury
BEP.GOV,Federal Agency,Department of the Treasury
BFEM.GOV,Federal Agency,Department of the Treasury
BONDPRO.GOV,Federal Agency,Department of the Treasury
CCAC.GOV,Federal Agency,Department of the Treasury
CDFIFUND.GOV,Federal Agency,Department of the Treasury
COMPLAINTREFERRALEXPRESS.GOV,Federal Agency,Department of the Treasury
COMPTROLLEROFTHECURRENCY.GOV,Federal Agency,Department of the Treasury
DIRECTOASUCUENTA.GOV,Federal Agency,Department of the Treasury
EFTPS.GOV,Federal Agency,Department of the Treasury
ETA-FIND.GOV,Federal Agency,Department of the Treasury
ETHICSBURG.GOV,Federal Agency,Department of the Treasury
EYENOTE.GOV,Federal Agency,Department of the Treasury
FEDERALINVESTMENTS.GOV,Federal Agency,Department of the Treasury
FEDINVEST.GOV,Federal Agency,Department of the Treasury
FINANCIALRESEARCH.GOV,Federal Agency,Department of the Treasury
FINANCIALSTABILITY.GOV,Federal Agency,Department of the Treasury
FINCEN.GOV,Federal Agency,Department of the Treasury
FSOC.GOV,Federal Agency,Department of the Treasury
FTTESTTWAI.GOV,Federal Agency,Department of the Treasury
GODIRECT.GOV,Federal Agency,Department of the Treasury
GWA.GOV,Federal Agency,Department of the Treasury
HELPWITHMYBANK.GOV,Federal Agency,Department of the Treasury
HELPWITHMYCHECKINGACCOUNT.GOV,Federal Agency,Department of the Treasury
HELPWITHMYCREDITCARD.GOV,Federal Agency,Department of the Treasury
HELPWITHMYCREDITCARDBANK.GOV,Federal Agency,Department of the Treasury
HELPWITHMYMORTGAGE.GOV,Federal Agency,Department of the Treasury
HELPWITHMYMORTGAGEBANK.GOV,Federal Agency,Department of the Treasury
IPAC.GOV,Federal Agency,Department of the Treasury
IPP.GOV,Federal Agency,Department of the Treasury
IRS.GOV,Federal Agency,Department of the Treasury
IRSAUCTIONS.GOV,Federal Agency,Department of the Treasury
IRSNET.GOV,Federal Agency,Department of the Treasury
IRSSALES.GOV,Federal Agency,Department of the Treasury
IRSVIDEOS.GOV,Federal Agency,Department of the Treasury
ITS.GOV,Federal Agency,Department of the Treasury
MAKINGHOMEAFFORDABLE.GOV,Federal Agency,Department of the Treasury
MHA.GOV,Federal Agency,Department of the Treasury
MONEYFACTORY.GOV,Federal Agency,Department of the Treasury
MONEYFACTORYSTORE.GOV,Federal Agency,Department of the Treasury
MSB.GOV,Federal Agency,Department of the Treasury
MYMONEY.GOV,Federal Agency,Department of the Treasury
MYRA.GOV,Federal Agency,Department of the Treasury
NATIONALBANK.GOV,Federal Agency,Department of the Treasury
NATIONALBANKHELP.GOV,Federal Agency,Department of the Treasury
NATIONALBANKNET.GOV,Federal Agency,Department of the Treasury
NAVYCASH.GOV,Federal Agency,Department of the Treasury
OCC.GOV,Federal Agency,Department of the Treasury
OCCHELPS.GOV,Federal Agency,Department of the Treasury
OCCNET.GOV,Federal Agency,Department of the Treasury
OTS.GOV,Federal Agency,Department of the Treasury
PATRIOTBONDS.GOV,Federal Agency,Department of the Treasury
PAY.GOV,Federal Agency,Department of the Treasury
PRACOMMENT.GOV,Federal Agency,Department of the Treasury
QATESTTWAI.GOV,Federal Agency,Department of the Treasury
SAVINGSBOND.GOV,Federal Agency,Department of the Treasury
SAVINGSBONDS.GOV,Federal Agency,Department of the Treasury
SAVINGSBONDWIZARD.GOV,Federal Agency,Department of the Treasury
SIGTARP.GOV,Federal Agency,Department of the Treasury
SLGS.GOV,Federal Agency,Department of the Treasury
TAAPS.GOV,Federal Agency,Department of the Treasury
TAX.GOV,Federal Agency,Department of the Treasury
TCIS.GOV,Federal Agency,Department of the Treasury
TIGTA.GOV,Federal Agency,Department of the Treasury
TIGTANET.GOV,Federal Agency,Department of the Treasury
TREAS.GOV,Federal Agency,Department of the Treasury
TREASLOCKBOX.GOV,Federal Agency,Department of the Treasury
TREASURY.FED.US,Federal Agency,Department of the Treasury
TREASURY.GOV,Federal Agency,Department of the Treasury
TREASURYAUCTION.GOV,Federal Agency,Department of the Treasury
TREASURYAUCTIONS.GOV,Federal Agency,Department of the Treasury
TREASURYDIRECT.GOV,Federal Agency,Department of the Treasury
TREASURYECM.GOV,Federal Agency,Department of the Treasury
TREASURYHUNT.GOV,Federal Agency,Department of the Treasury
TREASURYSCAMS.GOV,Federal Agency,Department of the Treasury
TRS.GOV,Federal Agency,Department of the Treasury
TTB.GOV,Federal Agency,Department of the Treasury
TTBONLINE.GOV,Federal Agency,Department of the Treasury
TTLPLUS.GOV,Federal Agency,Department of the Treasury
TWAI.GOV,Federal Agency,Department of the Treasury
USASPENDING.GOV,Federal Agency,Department of the Treasury
USDEBITCARD.GOV,Federal Agency,Department of the Treasury
USMINT.GOV,Federal Agency,Department of the Treasury
USTREAS.GOV,Federal Agency,Department of the Treasury
VERIFYPAYMENT.GOV,Federal Agency,Department of the Treasury
WIZARD.GOV,Federal Agency,Department of the Treasury
WORKPLACE.GOV,Federal Agency,Department of the Treasury
911.GOV,Federal Agency,Department of Transportation
BTS.GOV,Federal Agency,Department of Transportation
CFLHD.GOV,Federal Agency,Department of Transportation
DISTRACTEDDRIVING.GOV,Federal Agency,Department of Transportation
DISTRACTION.GOV,Federal Agency,Department of Transportation
DOT.GOV,Federal Agency,Department of Transportation
DOTIDEAHUB.GOV,Federal Agency,Department of Transportation
DOTTRAFFICRECORDS.GOV,Federal Agency,Department of Transportation
DOTTRCC.GOV,Federal Agency,Department of Transportation
EMS.GOV,Federal Agency,Department of Transportation
ESC.GOV,Federal Agency,Department of Transportation
FAA.GOV,Federal Agency,Department of Transportation
FAASAFETY.GOV,Federal Agency,Department of Transportation
FDR.GOV,Federal Agency,Department of Transportation
FMIP.GOV,Federal Agency,Department of Transportation
ITALLADDSUP.GOV,Federal Agency,Department of Transportation
JCCBI.GOV,Federal Agency,Department of Transportation
MARVIEW.GOV,Federal Agency,Department of Transportation
MDA.GOV,Federal Agency,Department of Transportation
NHTSA.GOV,Federal Agency,Department of Transportation
NTDPROGRAM.GOV,Federal Agency,Department of Transportation
PLAINLANGUAGE.GOV,Federal Agency,Department of Transportation
PROTECTYOURMOVE.GOV,Federal Agency,Department of Transportation
SAFERCAR.GOV,Federal Agency,Department of Transportation
SAFERTRUCK.GOV,Federal Agency,Department of Transportation
SHARETHEROADSAFELY.GOV,Federal Agency,Department of Transportation
STRONGPORTS.GOV,Federal Agency,Department of Transportation
SUSTAINABLECOMMUNITIES.GOV,Federal Agency,Department of Transportation
TFHRC.GOV,Federal Agency,Department of Transportation
TRAFFICSAFETYMARKETING.GOV,Federal Agency,Department of Transportation
TRANSPORTATION.GOV,Federal Agency,Department of Transportation
TRANSPORTATIONRESEARCH.GOV,Federal Agency,Department of Transportation
UNITEDWERIDE.GOV,Federal Agency,Department of Transportation
CDCO.GOV,Federal Agency,Department of Veterans Affairs
LASEGUNDACOSA.GOV,Federal Agency,Department of Veterans Affairs
NATIONALRESOURCEDIRECTORY.GOV,Federal Agency,Department of Veterans Affairs
NRD.GOV,Federal Agency,Department of Veterans Affairs
THESECONDTHING.GOV,Federal Agency,Department of Veterans Affairs
VA.GOV,Federal Agency,Department of Veterans Affairs
VET-BIZ.GOV,Federal Agency,Department of Veterans Affairs
VETBIZ.GOV,Federal Agency,Department of Veterans Affairs
VETSUCCESS.GOV,Federal Agency,Department of Veterans Affairs
BTO.GOV,Federal Agency,Director of National Intelligence
COUNTERWMD.GOV,Federal Agency,Director of National Intelligence
DNI.GOV,Federal Agency,Director of National Intelligence
IARPA-IDEAS.GOV,Federal Agency,Director of National Intelligence
IARPA.GOV,Federal Agency,Director of National Intelligence
ICJOINTDUTY.GOV,Federal Agency,Director of National Intelligence
INTELINK.GOV,Federal Agency,Director of National Intelligence
INTELLIGENCE.GOV,Federal Agency,Director of National Intelligence
ISE.GOV,Federal Agency,Director of National Intelligence
NCIX.GOV,Federal Agency,Director of National Intelligence
NMIC.GOV,Federal Agency,Director of National Intelligence
ODNI.GOV,Federal Agency,Director of National Intelligence
OSIS.GOV,Federal Agency,Director of National Intelligence
PIX.GOV,Federal Agency,Director of National Intelligence
UGOV.GOV,Federal Agency,Director of National Intelligence
AIRNOW.GOV,Federal Agency,Environmental Protection Agency
AQI.GOV,Federal Agency,Environmental Protection Agency
CBI-EPA.GOV,Federal Agency,Environmental Protection Agency
ENERGYSTAR.GOV,Federal Agency,Environmental Protection Agency
EPA-ECHO.GOV,Federal Agency,Environmental Protection Agency
EPA-OTIS.GOV,Federal Agency,Environmental Protection Agency
EPA.GOV,Federal Agency,Environmental Protection Agency
FDMS.GOV,Federal Agency,Environmental Protection Agency
FEDCENTER.GOV,Federal Agency,Environmental Protection Agency
FRTR.GOV,Federal Agency,Environmental Protection Agency
GREENGOV.GOV,Federal Agency,Environmental Protection Agency
OFEE.GOV,Federal Agency,Environmental Protection Agency
REGULATION.GOV,Federal Agency,Environmental Protection Agency
REGULATIONS.GOV,Federal Agency,Environmental Protection Agency
RELOCATEFEDS.GOV,Federal Agency,Environmental Protection Agency
SUSTAINABILITY.GOV,Federal Agency,Environmental Protection Agency
URBANWATERS.GOV,Federal Agency,Environmental Protection Agency
EEOC.GOV,Federal Agency,Equal Employment Opportunity Commission
ASTRONGMIDDLECLASS.GOV,Federal Agency,Executive Office of the President
BUDGET.GOV,Federal Agency,Executive Office of the President
CHANGE.GOV,Federal Agency,Executive Office of the President
EARMARKS.GOV,Federal Agency,Executive Office of the President
EGOV.GOV,Federal Agency,Executive Office of the President
EOP.GOV,Federal Agency,Executive Office of the President
ETHICS.GOV,Federal Agency,Executive Office of the President
EXRWH.GOV,Federal Agency,Executive Office of the President
FISCALCOMMISSION.GOV,Federal Agency,Executive Office of the President
HC.GOV,Federal Agency,Executive Office of the President
ITDASHBOARD.GOV,Federal Agency,Executive Office of the President
JOININGFORCES.GOV,Federal Agency,Executive Office of the President
LETSMOVE.GOV,Federal Agency,Executive Office of the President
MAX.GOV,Federal Agency,Executive Office of the President
NEPA.GOV,Federal Agency,Executive Office of the President
NOTALONE.GOV,Federal Agency,Executive Office of the President
NSTIC.GOV,Federal Agency,Executive Office of the President
OMB.GOV,Federal Agency,Executive Office of the President
OMBLOG.GOV,Federal Agency,Executive Office of the President
ONDCP.GOV,Federal Agency,Executive Office of the President
OSTP.GOV,Federal Agency,Executive Office of the President
PAYMENTACCURACY.GOV,Federal Agency,Executive Office of the President
PRESIDIO.GOV,Federal Agency,Executive Office of the President
PRESIDIOTRUST.GOV,Federal Agency,Executive Office of the President
REACHHIGHER.GOV,Federal Agency,Executive Office of the President
SAVE.GOV,Federal Agency,Executive Office of the President
SAVEAWARD.GOV,Federal Agency,Executive Office of the President
STRONGMIDDLECLASS.GOV,Federal Agency,Executive Office of the President
USTR.GOV,Federal Agency,Executive Office of the President
WH.GOV,Federal Agency,Executive Office of the President
WHITEHOUSE.GOV,Federal Agency,Executive Office of the President
WHITEHOUSEDRUGPOLICY.GOV,Federal Agency,Executive Office of the President
EXIM.GOV,Federal Agency,Export/Import Bank of the U.S.
EXIMCOOP.GOV,Federal Agency,Export/Import Bank of the U.S.
FCA.GOV,Federal Agency,Farm Credit Administration
FCSIC.GOV,Federal Agency,Farm Credit Administration
BROADBAND.GOV,Federal Agency,Federal Communications Commission
BROADBANDMAP.GOV,Federal Agency,Federal Communications Commission
DTV.GOV,Federal Agency,Federal Communications Commission
FCC.GOV,Federal Agency,Federal Communications Commission
FCCUNIVERSITY.GOV,Federal Agency,Federal Communications Commission
LIFELINE.GOV,Federal Agency,Federal Communications Commission
NBM.GOV,Federal Agency,Federal Communications Commission
OPENINTERNET.GOV,Federal Agency,Federal Communications Commission
ECONOMICINCLUSION.GOV,Federal Agency,Federal Deposit Insurance Corporation
FDIC.GOV,Federal Agency,Federal Deposit Insurance Corporation
FDICBETS.GOV,Federal Agency,Federal Deposit Insurance Corporation
FDICCONNECT.GOV,Federal Agency,Federal Deposit Insurance Corporation
FDICIG.GOV,Federal Agency,Federal Deposit Insurance Corporation
FDICOIG.GOV,Federal Agency,Federal Deposit Insurance Corporation
FDICSALES.GOV,Federal Agency,Federal Deposit Insurance Corporation
FDICSEGURO.GOV,Federal Agency,Federal Deposit Insurance Corporation
MYFDIC.GOV,Federal Agency,Federal Deposit Insurance Corporation
MYFDICINSURANCE.GOV,Federal Agency,Federal Deposit Insurance Corporation
FEC.GOV,Federal Agency,Federal Elections Commission
FERC.GOV,Federal Agency,Federal Energy Regulatory Commission
FERCALT.GOV,Federal Agency,Federal Energy Regulatory Commission
FHFA.GOV,Federal Agency,Federal Housing Finance Agency
FHFB.GOV,Federal Agency,Federal Housing Finance Agency
HARP.GOV,Federal Agency,Federal Housing Finance Agency
OFHEO.GOV,Federal Agency,Federal Housing Finance Agency
FHFAOIG.GOV,Federal Agency,Federal Housing Finance Agency Office of Inspector General
FLRA.GOV,Federal Agency,Federal Labor Relations Authority
FMC.GOV,Federal Agency,Federal Maritime Commission
FMCS.GOV,Federal Agency,Federal Mediation and Conciliation Service
FBIIC.GOV,Federal Agency,Federal Reserve System
FEDCENTENNIAL.GOV,Federal Agency,Federal Reserve System
FEDERALRESERVE.GOV,Federal Agency,Federal Reserve System
FEDERALRESERVE100.GOV,Federal Agency,Federal Reserve System
FEDERALRESERVE2013.GOV,Federal Agency,Federal Reserve System
FEDERALRESERVECENTENNIAL.GOV,Federal Agency,Federal Reserve System
FEDERALRESERVECENTENNIALCELEBRATION.GOV,Federal Agency,Federal Reserve System
FEDERALRESERVECONSUMERHELP.GOV,Federal Agency,Federal Reserve System
FEDPARTNERSHIP.GOV,Federal Agency,Federal Reserve System
FFIEC.GOV,Federal Agency,Federal Reserve System
FRB.FED.US,Federal Agency,Federal Reserve System
FRB.GOV,Federal Agency,Federal Reserve System
FRS.GOV,Federal Agency,Federal Reserve System
NEWMONEY.GOV,Federal Agency,Federal Reserve System
EXPLORETSP.GOV,Federal Agency,Federal Retirement Thrift Investment Board
FRTIB.GOV,Federal Agency,Federal Retirement Thrift Investment Board
FRTIBTEST.GOV,Federal Agency,Federal Retirement Thrift Investment Board
TSP.GOV,Federal Agency,Federal Retirement Thrift Investment Board
TSPTEST.GOV,Federal Agency,Federal Retirement Thrift Investment Board
ADMONGO.GOV,Federal Agency,Federal Trade Commission
ALERTAENLINEA.GOV,Federal Agency,Federal Trade Commission
ANNUALCREDITREPORT.GOV,Federal Agency,Federal Trade Commission
CONSUMER.GOV,Federal Agency,Federal Trade Commission
CONSUMERSENTINEL.GOV,Federal Agency,Federal Trade Commission
CONSUMERSENTINELNETWORK.GOV,Federal Agency,Federal Trade Commission
CONSUMIDOR.GOV,Federal Agency,Federal Trade Commission
DONOTCALL.GOV,Federal Agency,Federal Trade Commission
DONTSERVETEENS.GOV,Federal Agency,Federal Trade Commission
ECONSUMER.GOV,Federal Agency,Federal Trade Commission
FREECREDITREPORT.GOV,Federal Agency,Federal Trade Commission
FTC.GOV,Federal Agency,Federal Trade Commission
FTCCOMPLAINTASSISTANT.GOV,Federal Agency,Federal Trade Commission
FTCEFILE.GOV,Federal Agency,Federal Trade Commission
HSR.GOV,Federal Agency,Federal Trade Commission
IDENTITYTHEFT.GOV,Federal Agency,Federal Trade Commission
IDTHEFT.GOV,Federal Agency,Federal Trade Commission
NCPW.GOV,Federal Agency,Federal Trade Commission
ONGUARDONLINE.GOV,Federal Agency,Federal Trade Commission
ONLINEONGUARD.GOV,Federal Agency,Federal Trade Commission
PROTECCIONDELCONSUMIDOR.GOV,Federal Agency,Federal Trade Commission
SENTINEL.GOV,Federal Agency,Federal Trade Commission
UCE.GOV,Federal Agency,Federal Trade Commission
USICN.GOV,Federal Agency,Federal Trade Commission
ACQUISITION.GOV,Federal Agency,General Services Administration
ADVANTAGE.GOV,Federal Agency,General Services Administration
AFADVANTAGE.GOV,Federal Agency,General Services Administration
AMERICANJOBCENTER.GOV,Federal Agency,General Services Administration
APPS.GOV,Federal Agency,General Services Administration
BUSINESSUSA.GOV,Federal Agency,General Services Administration
BUYACCESSIBLE.GOV,Federal Agency,General Services Administration
CAO.GOV,Federal Agency,General Services Administration
CBCA.GOV,Federal Agency,General Services Administration
CCR.GOV,Federal Agency,General Services Administration
CFDA.GOV,Federal Agency,General Services Administration
CFO.GOV,Federal Agency,General Services Administration
CHALLENGE.GOV,Federal Agency,General Services Administration
CHALLENGES.GOV,Federal Agency,General Services Administration
CIO.GOV,Federal Agency,General Services Administration
COMPUTERS4LEARNING.GOV,Federal Agency,General Services Administration
COMPUTERSFORLEARNING.GOV,Federal Agency,General Services Administration
CONNECT.GOV,Federal Agency,General Services Administration
CONSUMERACTION.GOV,Federal Agency,General Services Administration
CONTRACTDIRECTORY.GOV,Federal Agency,General Services Administration
CPARS.GOV,Federal Agency,General Services Administration
DATA.GOV,Federal Agency,General Services Administration
DIGITALGOV.GOV,Federal Agency,General Services Administration
DOTGOV.GOV,Federal Agency,General Services Administration
EAC.GOV,Federal Agency,General Services Administration
ECPIC.GOV,Federal Agency,General Services Administration
EFACA.GOV,Federal Agency,General Services Administration
EFORMS.GOV,Federal Agency,General Services Administration
EISENHOWERMEMORIAL.GOV,Federal Agency,General Services Administration
EPLS.GOV,Federal Agency,General Services Administration
ESPANOL.GOV,Federal Agency,General Services Administration
ESRS.GOV,Federal Agency,General Services Administration
FACA.GOV,Federal Agency,General Services Administration
FACADATABASE.GOV,Federal Agency,General Services Administration
FAI.GOV,Federal Agency,General Services Administration
FAPIIS.GOV,Federal Agency,General Services Administration
FAQ.GOV,Federal Agency,General Services Administration
FBO.GOV,Federal Agency,General Services Administration
FED.US,Federal Agency,General Services Administration
FEDBIZOPPS.GOV,Federal Agency,General Services Administration
FEDFORMS.GOV,Federal Agency,General Services Administration
FEDIDCARD.GOV,Federal Agency,General Services Administration
FEDINFO.GOV,Federal Agency,General Services Administration
FEDRAMP.GOV,Federal Agency,General Services Administration
FEDREALESTATE.GOV,Federal Agency,General Services Administration
FEDROOMS.GOV,Federal Agency,General Services Administration
FIDO.GOV,Federal Agency,General Services Administration
FIRSTGOV.GOV,Federal Agency,General Services Administration
FMI.GOV,Federal Agency,General Services Administration
FORMS.GOV,Federal Agency,General Services Administration
FPDS.GOV,Federal Agency,General Services Administration
FPKI-LAB.GOV,Federal Agency,General Services Administration
FPKI.GOV,Federal Agency,General Services Administration
FRPP-PA.GOV,Federal Agency,General Services Administration
FSD.GOV,Federal Agency,General Services Administration
FSRS.GOV,Federal Agency,General Services Administration
GOBIERNO.GOV,Federal Agency,General Services Administration
GOBIERNOUSA.GOV,Federal Agency,General Services Administration
GOVSALES.GOV,Federal Agency,General Services Administration
GSA.GOV,Federal Agency,General Services Administration
GSAADVANTAGE.GOV,Federal Agency,General Services Administration
GSAAUCTIONS.GOV,Federal Agency,General Services Administration
GSADVANTAGE.GOV,Federal Agency,General Services Administration
GSAIG.GOV,Federal Agency,General Services Administration
GSAXCESS.GOV,Federal Agency,General Services Administration
HOWTO.GOV,Federal Agency,General Services Administration
IDMANAGEMENT.GOV,Federal Agency,General Services Administration
INFO.GOV,Federal Agency,General Services Administration
JOBCENTER.GOV,Federal Agency,General Services Administration
KIDS.GOV,Federal Agency,General Services Administration
LEARNPERFORMANCE.GOV,Federal Agency,General Services Administration
MYUSA.GOV,Federal Agency,General Services Administration
NBRC.GOV,Federal Agency,General Services Administration
NETWORX.GOV,Federal Agency,General Services Administration
NIC.GOV,Federal Agency,General Services Administration
NONPROFIT.GOV,Federal Agency,General Services Administration
PARTNER4SOLUTIONS.GOV,Federal Agency,General Services Administration
PCLOB.GOV,Federal Agency,General Services Administration
PERFORMANCE.GOV,Federal Agency,General Services Administration
PIC.GOV,Federal Agency,General Services Administration
PPIRS.GOV,Federal Agency,General Services Administration
PTT.GOV,Federal Agency,General Services Administration
REALESTATESALES.GOV,Federal Agency,General Services Administration
REALPROPERTYPROFILE.GOV,Federal Agency,General Services Administration
REGINFO.GOV,Federal Agency,General Services Administration
ROCIS.GOV,Federal Agency,General Services Administration
SAM.GOV,Federal Agency,General Services Administration
SANDBOX.GOV,Federal Agency,General Services Administration
SECTION508.GOV,Federal Agency,General Services Administration
SENIORS.GOV,Federal Agency,General Services Administration
SFTOOL.GOV,Federal Agency,General Services Administration
STRATEGICSOURCING.GOV,Federal Agency,General Services Administration
SUPPORTTHEVOTER.GOV,Federal Agency,General Services Administration
TRANSPARENCY.GOV,Federal Agency,General Services Administration
UNITEDSTATES.GOV,Federal Agency,General Services Administration
US.GOV,Federal Agency,General Services Administration
USA.GOV,Federal Agency,General Services Administration
USAGOV.GOV,Federal Agency,General Services Administration
USAPERFORMANCE.GOV,Federal Agency,General Services Administration
USCIRF.GOV,Federal Agency,General Services Administration
USGOVERNMENT.GOV,Federal Agency,General Services Administration
USIP.GOV,Federal Agency,General Services Administration
VEF.GOV,Federal Agency,General Services Administration
VITM.GOV,Federal Agency,General Services Administration
BROWSETOPICS.GOV,Federal Agency,Government Printing Office
CONGRESSIONALDIRECTORY.GOV,Federal Agency,Government Printing Office
CONGRESSIONALRECORD.GOV,Federal Agency,Government Printing Office
ECFR.GOV,Federal Agency,Government Printing Office
FDLP.GOV,Federal Agency,Government Printing Office
FDSYS.GOV,Federal Agency,Government Printing Office
FEDERALREGISTER.GOV,Federal Agency,Government Printing Office
FEDREG.GOV,Federal Agency,Government Printing Office
FMSHRC.GOV,Federal Agency,Government Printing Office
GOVINFO.GOV,Federal Agency,Government Printing Office
GPO.GOV,Federal Agency,Government Printing Office
GPOACCESS.GOV,Federal Agency,Government Printing Office
HOUSECALENDAR.GOV,Federal Agency,Government Printing Office
OFR.GOV,Federal Agency,Government Printing Office
OPENWORLD.GOV,Federal Agency,Government Printing Office
PRESIDENTIALDOCUMENTS.GOV,Federal Agency,Government Printing Office
SENATECALENDAR.GOV,Federal Agency,Government Printing Office
STOPFAKES.GOV,Federal Agency,Government Printing Office
USCAPITOLPOLICE.GOV,Federal Agency,Government Printing Office
USCC.GOV,Federal Agency,Government Printing Office
USCCR.GOV,Federal Agency,Government Printing Office
USCODE.GOV,Federal Agency,Government Printing Office
USGOVERNMENTMANUAL.GOV,Federal Agency,Government Printing Office
WELCOMETOUSA.GOV,Federal Agency,Government Printing Office
TRUMAN.GOV,Federal Agency,Harry S. Truman Scholarship Foundation
IMLS.GOV,Federal Agency,Institute of Museum and Library Services
IAF.GOV,Federal Agency,Inter-American Foundation
BBG.GOV,Federal Agency,International Broadcasting Bureau
IBB.GOV,Federal Agency,International Broadcasting Bureau
VOA.GOV,Federal Agency,International Broadcasting Bureau
JAMESMADISON.GOV,Federal Agency,James Madison Memorial Fellowship Foundation
LSC.GOV,Federal Agency,Legal Services Corporation
AFRICANAMERICANHISTORYMONTH.GOV,Federal Agency,Library of Congress
AMERICANMEMORY.GOV,Federal Agency,Library of Congress
AMERICASLIBRARY.GOV,Federal Agency,Library of Congress
AMERICASSTORY.GOV,Federal Agency,Library of Congress
AMERICASTORY.GOV,Federal Agency,Library of Congress
ASIANPACIFICHERITAGE.GOV,Federal Agency,Library of Congress
CAPITOLHILL.GOV,Federal Agency,Library of Congress
COMMISSION.GOV,Federal Agency,Library of Congress
CONGRESS.GOV,Federal Agency,Library of Congress
COPYRIGHT.GOV,Federal Agency,Library of Congress
CRS.GOV,Federal Agency,Library of Congress
DIGITALPRESERVATION.GOV,Federal Agency,Library of Congress
DIGITALSTEWARDSHIP.GOV,Federal Agency,Library of Congress
DIGITIZATIONGUIDELINES.GOV,Federal Agency,Library of Congress
HILL.GOV,Federal Agency,Library of Congress
HISPANICHERITAGEMONTH.GOV,Federal Agency,Library of Congress
JEWISHHERITAGE.GOV,Federal Agency,Library of Congress
JEWISHHERITAGEMONTH.GOV,Federal Agency,Library of Congress
LAW.GOV,Federal Agency,Library of Congress
LCTL.GOV,Federal Agency,Library of Congress
LEGISLATIVE.GOV,Federal Agency,Library of Congress
LEGISLATIVEBRANCH.GOV,Federal Agency,Library of Congress
LIBRARY-OF-CONGRESS.GOV,Federal Agency,Library of Congress
LIBRARYOFCONGRESS.GOV,Federal Agency,Library of Congress
LIS.GOV,Federal Agency,Library of Congress
LITERACY.GOV,Federal Agency,Library of Congress
LOC.GOV,Federal Agency,Library of Congress
LOCIMAGES.GOV,Federal Agency,Library of Congress
LOCSTORE.GOV,Federal Agency,Library of Congress
LOCTPS.GOV,Federal Agency,Library of Congress
MYLOC.GOV,Federal Agency,Library of Congress
NATIVEAMERICANHERITAGEMONTH.GOV,Federal Agency,Library of Congress
NDSA.GOV,Federal Agency,Library of Congress
PRIMARYSOURCES.GOV,Federal Agency,Library of Congress
READ.GOV,Federal Agency,Library of Congress
SECTION108.GOV,Federal Agency,Library of Congress
TEACHINGPRIMARYSOURCES.GOV,Federal Agency,Library of Congress
TEACHINGWITHPRIMARYSOURCES.GOV,Federal Agency,Library of Congress
THOMAS.GOV,Federal Agency,Library of Congress
TPS.GOV,Federal Agency,Library of Congress
UNITEDSTATESCONGRESS.GOV,Federal Agency,Library of Congress
USCONGRESS.GOV,Federal Agency,Library of Congress
WDL.GOV,Federal Agency,Library of Congress
WOMENSHISTORYMONTH.GOV,Federal Agency,Library of Congress
WORLDDIGITALLIBRARY.GOV,Federal Agency,Library of Congress
MMC.GOV,Federal Agency,Marine Mammal Commission
MACPAC.GOV,Federal Agency,Medicaid and CHIP Payment and Access Commission
MEDPAC.GOV,Federal Agency,Medical Payment Advisory Commission
MSPB.GOV,Federal Agency,Merit Systems Protection Board
MCC.GOV,Federal Agency,Millennium Challenge Corporation
ECR.GOV,Federal Agency,Morris K. Udall Foundation
UDALL.GOV,Federal Agency,Morris K. Udall Foundation
GLOBE.GOV,Federal Agency,National Aeronautics and Space Administration
NASA.GOV,Federal Agency,National Aeronautics and Space Administration
NSWP.GOV,Federal Agency,National Aeronautics and Space Administration
SCIJINKS.GOV,Federal Agency,National Aeronautics and Space Administration
USGEO.GOV,Federal Agency,National Aeronautics and Space Administration
9-11COMMISSION.GOV,Federal Agency,National Archives and Records Administration
911COMMISSION.GOV,Federal Agency,National Archives and Records Administration
ARCHIVES.GOV,Federal Agency,National Archives and Records Administration
CLINTONLIBRARY.GOV,Federal Agency,National Archives and Records Administration
EMERGENCY-FEDERAL-REGISTER.GOV,Federal Agency,National Archives and Records Administration
FCIC.GOV,Federal Agency,National Archives and Records Administration
FORDLIBRARYMUSEUM.GOV,Federal Agency,National Archives and Records Administration
FRC.GOV,Federal Agency,National Archives and Records Administration
GEORGEWBUSHLIBRARY.GOV,Federal Agency,National Archives and Records Administration
HISTORY.GOV,Federal Agency,National Archives and Records Administration
JIMMYCARTERLIBRARY.GOV,Federal Agency,National Archives and Records Administration
NARA-AT-WORK.GOV,Federal Agency,National Archives and Records Administration
NARA.GOV,Federal Agency,National Archives and Records Administration
NIXONLIBRARY.GOV,Federal Agency,National Archives and Records Administration
OGIS.GOV,Federal Agency,National Archives and Records Administration
OURDOCUMENTS.GOV,Federal Agency,National Archives and Records Administration
REAGANLIBRARY.GOV,Federal Agency,National Archives and Records Administration
RECORDSMANAGEMENT.GOV,Federal Agency,National Archives and Records Administration
WARTIMECONTRACTING.GOV,Federal Agency,National Archives and Records Administration
WEBHARVEST.GOV,Federal Agency,National Archives and Records Administration
NCPC.GOV,Federal Agency,National Capital Planning Commission
NCD.GOV,Federal Agency,National Council on Disability
MYCREDITUNION.GOV,Federal Agency,National Credit Union Administration
NCUA.GOV,Federal Agency,National Credit Union Administration
ARTS.GOV,Federal Agency,National Endowment for the Arts
NEA.GOV,Federal Agency,National Endowment for the Arts
HUMANITIES.GOV,Federal Agency,National Endowment for the Humanities
NEH.GOV,Federal Agency,National Endowment for the Humanities
PCAH.GOV,Federal Agency,National Endowment for the Humanities
WETHEPEOPLE.GOV,Federal Agency,National Endowment for the Humanities
NGA.GOV,Federal Agency,National Gallery of Art
NIGC.GOV,Federal Agency,National Indian Gaming Commission
NLRB.GOV,Federal Agency,National Labor Relations Board
NMB.GOV,Federal Agency,National Mediation Board
NANO.GOV,Federal Agency,National Nanotechnology Coordination Office
ARCTIC.GOV,Federal Agency,National Science Foundation
ARCTICGAS.GOV,Federal Agency,National Science Foundation
NSF.GOV,Federal Agency,National Science Foundation
RESEARCH.GOV,Federal Agency,National Science Foundation
SAC.GOV,Federal Agency,National Science Foundation
SBIR.GOV,Federal Agency,National Science Foundation
SCIENCE360.GOV,Federal Agency,National Science Foundation
USAP.GOV,Federal Agency,National Science Foundation
LPS.GOV,Federal Agency,National Security Agency
NTSB.GOV,Federal Agency,National Transportation Safety Board
ITRD.GOV,Federal Agency,Networking Information Technology Research and Development (NITRD)
NITRD.GOV,Federal Agency,Networking Information Technology Research and Development (NITRD)
HERITAGEABROAD.GOV,Federal Agency,Non-Federal Agency
IAB.GOV,Federal Agency,Non-Federal Agency
JUSFC.GOV,Federal Agency,Non-Federal Agency
NWTRB.GOV,Federal Agency,Non-Federal Agency
PPPL.GOV,Federal Agency,Non-Federal Agency
SERVEINDIANA.GOV,Federal Agency,Non-Federal Agency
SJI.GOV,Federal Agency,Non-Federal Agency
WMATC.GOV,Federal Agency,Non-Federal Agency
NRC-GATEWAY.GOV,Federal Agency,Nuclear Regulatory Commission
NRC.GOV,Federal Agency,Nuclear Regulatory Commission
OSHRC.GOV,Federal Agency,Occupational Safety & Health Review Commission
INTEGRITY.GOV,Federal Agency,Office of Government Ethics
APPLICATIONMANAGER.GOV,Federal Agency,Office of Personnel Management
CHCOC.GOV,Federal Agency,Office of Personnel Management
E-QIP.GOV,Federal Agency,Office of Personnel Management
EMPLOYEEEXPRESS.GOV,Federal Agency,Office of Personnel Management
FEB.GOV,Federal Agency,Office of Personnel Management
FEDERALJOBS.GOV,Federal Agency,Office of Personnel Management
FEDJOBS.GOV,Federal Agency,Office of Personnel Management
FEDSHIREVETS.GOV,Federal Agency,Office of Personnel Management
FEGLI.GOV,Federal Agency,Office of Personnel Management
FSAFEDS.GOV,Federal Agency,Office of Personnel Management
GOLEARN.GOV,Federal Agency,Office of Personnel Management
GOVERNMENTJOBS.GOV,Federal Agency,Office of Personnel Management
HRU.GOV,Federal Agency,Office of Personnel Management
LMRCOUNCIL.GOV,Federal Agency,Office of Personnel Management
OPM.GOV,Federal Agency,Office of Personnel Management
PAC.GOV,Federal Agency,Office of Personnel Management
PMF.GOV,Federal Agency,Office of Personnel Management
TELEWORK.GOV,Federal Agency,Office of Personnel Management
UNLOCKTALENT.GOV,Federal Agency,Office of Personnel Management
USAJOBS.GOV,Federal Agency,Office of Personnel Management
USALEARNING.GOV,Federal Agency,Office of Personnel Management
USASTAFFING.GOV,Federal Agency,Office of Personnel Management
OPIC.GOV,Federal Agency,Overseas Private Investment Corporation
PBGC.GOV,Federal Agency,Pension Benefit Guaranty Corporation
PRC.GOV,Federal Agency,Postal Rate Commission
RRB.GOV,Federal Agency,Railroad Retirement Board
EDUCATIONJOBSFUND.GOV,Federal Agency,Recovery Accountability and Transparency Board
FEDERALACCOUNTABILITY.GOV,Federal Agency,Recovery Accountability and Transparency Board
FEDERALREPORTING.GOV,Federal Agency,Recovery Accountability and Transparency Board
FEDERALTRANSPARENCY.GOV,Federal Agency,Recovery Accountability and Transparency Board
RATB.GOV,Federal Agency,Recovery Accountability and Transparency Board
RECOVERY.GOV,Federal Agency,Recovery Accountability and Transparency Board
404.GOV,Federal Agency,Securities and Exchange Commission
INVESTOR.GOV,Federal Agency,Securities and Exchange Commission
SEC.GOV,Federal Agency,Securities and Exchange Commission
SSS.GOV,Federal Agency,Selective Service System
BUSINESS.GOV,Federal Agency,Small Business Administration
DISASTERCONTRACTINGASSISTANCE.GOV,Federal Agency,Small Business Administration
HSA.GOV,Federal Agency,Small Business Administration
NWBC.GOV,Federal Agency,Small Business Administration
ONLINEWBC.GOV,Federal Agency,Small Business Administration
SBA.GOV,Federal Agency,Small Business Administration
SMALLBUSINESS.GOV,Federal Agency,Small Business Administration
WOMENBIZ.GOV,Federal Agency,Small Business Administration
ITIS.GOV,Federal Agency,Smithsonian Institution
SEGUROSOCIAL.GOV,Federal Agency,Social Security Administration
SOCIALSECURITY.GOV,Federal Agency,Social Security Administration
SSA.GOV,Federal Agency,Social Security Administration
SOCIALSECURITYADVISORYBOARD.GOV,Federal Agency,Social Security Advisory Board
SSAB.GOV,Federal Agency,Social Security Advisory Board
STENNIS.GOV,Federal Agency,Stennis Center for Public Service
TVA.GOV,Federal Agency,Tennessee Valley Authority
TVAOIG.GOV,Federal Agency,Tennessee Valley Authority
TSC.GOV,Federal Agency,Terrorist Screening Center
PTF.GOV,Federal Agency,The Intelligence Community
BANKRUPTCY.GOV,Federal Agency,The Judicial Branch (Courts)
CAVC.GOV,Federal Agency,The Judicial Branch (Courts)
DCSC.GOV,Federal Agency,The Judicial Branch (Courts)
FEDCIR.GOV,Federal Agency,The Judicial Branch (Courts)
FEDERALCOURTS.GOV,Federal Agency,The Judicial Branch (Courts)
FEDERALPROBATION.GOV,Federal Agency,The Judicial Branch (Courts)
FEDERALRULES.GOV,Federal Agency,The Judicial Branch (Courts)
FJC.GOV,Federal Agency,The Judicial Branch (Courts)
JUDICIALCONFERENCE.GOV,Federal Agency,The Judicial Branch (Courts)
NMCOURT.FED.US,Federal Agency,The Judicial Branch (Courts)
PACER.GOV,Federal Agency,The Judicial Branch (Courts)
SC-US.GOV,Federal Agency,The Judicial Branch (Courts)
SCINET-TEST.GOV,Federal Agency,The Judicial Branch (Courts)
SCINET.GOV,Federal Agency,The Judicial Branch (Courts)
SCUS.GOV,Federal Agency,The Judicial Branch (Courts)
SUPREME-COURT.GOV,Federal Agency,The Judicial Branch (Courts)
SUPREMECOURT.GOV,Federal Agency,The Judicial Branch (Courts)
SUPREMECOURTUS.GOV,Federal Agency,The Judicial Branch (Courts)
USBANKRUPTCY.GOV,Federal Agency,The Judicial Branch (Courts)
USC.GOV,Federal Agency,The Judicial Branch (Courts)
USCAVC.GOV,Federal Agency,The Judicial Branch (Courts)
USCOURTS.GOV,Federal Agency,The Judicial Branch (Courts)
USCVA.GOV,Federal Agency,The Judicial Branch (Courts)
USPROBATION.GOV,Federal Agency,The Judicial Branch (Courts)
USSC.GOV,Federal Agency,The Judicial Branch (Courts)
USTAXCOURT.GOV,Federal Agency,The Judicial Branch (Courts)
VETAPP.GOV,Federal Agency,The Judicial Branch (Courts)
AOC.GOV,Federal Agency,The Legislative Branch (Congress)
CAPITAL.GOV,Federal Agency,The Legislative Branch (Congress)
CAPITOL.GOV,Federal Agency,The Legislative Branch (Congress)
CAPITOLFLAGS.GOV,Federal Agency,The Legislative Branch (Congress)
CBO.GOV,Federal Agency,The Legislative Branch (Congress)
CBONEWS.GOV,Federal Agency,The Legislative Branch (Congress)
CECC.GOV,Federal Agency,The Legislative Branch (Congress)
CHINA-COMMISSION.GOV,Federal Agency,The Legislative Branch (Congress)
CHINACOMMISSION.GOV,Federal Agency,The Legislative Branch (Congress)
CITIZENCOSPONSORS.GOV,Federal Agency,The Legislative Branch (Congress)
CITIZENS.GOV,Federal Agency,The Legislative Branch (Congress)
COSPONSOR.GOV,Federal Agency,The Legislative Branch (Congress)
CSCE.GOV,Federal Agency,The Legislative Branch (Congress)
DEMOCRATICLEADER.GOV,Federal Agency,The Legislative Branch (Congress)
DEMOCRATICWHIP.GOV,Federal Agency,The Legislative Branch (Congress)
DEMOCRATS.GOV,Federal Agency,The Legislative Branch (Congress)
DEMS.GOV,Federal Agency,The Legislative Branch (Congress)
ESECLAB.GOV,Federal Agency,The Legislative Branch (Congress)
FASAB.GOV,Federal Agency,The Legislative Branch (Congress)
GAO.GOV,Federal Agency,The Legislative Branch (Congress)
GAONET.GOV,Federal Agency,The Legislative Branch (Congress)
GOP.GOV,Federal Agency,The Legislative Branch (Congress)
GOPCONFERENCE.GOV,Federal Agency,The Legislative Branch (Congress)
GOPLEADER.GOV,Federal Agency,The Legislative Branch (Congress)
HOUSE.GOV,Federal Agency,The Legislative Branch (Congress)
HOUSECOMMUNICATIONS.GOV,Federal Agency,The Legislative Branch (Congress)
HOUSEDEMOCRATS.GOV,Federal Agency,The Legislative Branch (Congress)
HOUSEDEMS.GOV,Federal Agency,The Legislative Branch (Congress)
HOUSELIVE.GOV,Federal Agency,The Legislative Branch (Congress)
HOUSENEWSLETTERS.GOV,Federal Agency,The Legislative Branch (Congress)
JCT.GOV,Federal Agency,The Legislative Branch (Congress)
LISTENSTOYOU.GOV,Federal Agency,The Legislative Branch (Congress)
MAJORITYLEADER.GOV,Federal Agency,The Legislative Branch (Congress)
MAJORITYWHIP.GOV,Federal Agency,The Legislative Branch (Congress)
PDBCECC.GOV,Federal Agency,The Legislative Branch (Congress)
PPDCECC.GOV,Federal Agency,The Legislative Branch (Congress)
REPUBLICANS.GOV,Federal Agency,The Legislative Branch (Congress)
SENATE.GOV,Federal Agency,The Legislative Branch (Congress)
SENATERESTAURANTS.GOV,Federal Agency,The Legislative Branch (Congress)
SPEAKER.GOV,Federal Agency,The Legislative Branch (Congress)
TAXREFORM.GOV,Federal Agency,The Legislative Branch (Congress)
USBG.GOV,Federal Agency,The Legislative Branch (Congress)
USCAPITAL.GOV,Federal Agency,The Legislative Branch (Congress)
USCAPITOL.GOV,Federal Agency,The Legislative Branch (Congress)
USCAPITOLVISITORCENTER.GOV,Federal Agency,The Legislative Branch (Congress)
USCVC.GOV,Federal Agency,The Legislative Branch (Congress)
VISITTHECAPITAL.GOV,Federal Agency,The Legislative Branch (Congress)
VISITTHECAPITOL.GOV,Federal Agency,The Legislative Branch (Congress)
WORLDWAR1CENTENNIAL.GOV,Federal Agency,The United States World War One Centennial Commission
ACCESS-BOARD-MEMBERS.GOV,Federal Agency,U. S. Access Board
ACCESS-BOARD.GOV,Federal Agency,U. S. Access Board
USHMM.GOV,Federal Agency,U. S. Holocaust Memorial Museum
USITC.GOV,Federal Agency,U. S. International Trade Commission
OSC.GOV,Federal Agency,U. S. Office of Special Counsel
OSCNET.GOV,Federal Agency,U. S. Office of Special Counsel
PEACECORE.GOV,Federal Agency,U. S. Peace Corps
PEACECORP.GOV,Federal Agency,U. S. Peace Corps
PEACECORPS.GOV,Federal Agency,U. S. Peace Corps
MAIL.GOV,Federal Agency,U. S. Postal Service
POSTOFFICE.GOV,Federal Agency,U. S. Postal Service
PURCHASING.GOV,Federal Agency,U. S. Postal Service
USPIS.GOV,Federal Agency,U. S. Postal Service
USPS.GOV,Federal Agency,U. S. Postal Service
CHILDRENINADVERSITY.GOV,Federal Agency,U.S. Agency for International Development
DFAFACTS.GOV,Federal Agency,U.S. Agency for International Development
FEEDTHEFUTURE.GOV,Federal Agency,U.S. Agency for International Development
FIGHTINGMALARIA.GOV,Federal Agency,U.S. Agency for International Development
JMC.GOV,Federal Agency,U.S. Agency for International Development
NEGLECTEDDISEASES.GOV,Federal Agency,U.S. Agency for International Development
OFDA.GOV,Federal Agency,U.S. Agency for International Development
OTI.GOV,Federal Agency,U.S. Agency for International Development
PMI.GOV,Federal Agency,U.S. Agency for International Development
USAID.GOV,Federal Agency,U.S. Agency for International Development
USAIDALLNET.GOV,Federal Agency,U.S. Agency for International Development
VOLUNTEERSFORPROSPERITY.GOV,Federal Agency,U.S. Agency for International Development
USCP.GOV,Federal Agency,U.S. Capitol Police
CHEMSAFETY.GOV,Federal Agency,U.S. Chemical Safety and Hazard Investigation Board
CSB.GOV,Federal Agency,U.S. Chemical Safety and Hazard Investigation Board
SAFETYVIDEOS.GOV,Federal Agency,U.S. Chemical Safety and Hazard Investigation Board
CFA.GOV,Federal Agency,U.S. Commission of Fine Arts
PEACECORPSOIG.GOV,Federal Agency,"U.S. Postal Service, Office of Inspector General"
USPSOIG.GOV,Federal Agency,"U.S. Postal Service, Office of Inspector General"
TDA.GOV,Federal Agency,U.S. Trade and Development Agency
USTDA.GOV,Federal Agency,U.S. Trade and Development Agency
CARBONCYCLESCIENCE.GOV,Federal Agency,United Stated Global Change Research Program
GLOBALCHANGE.GOV,Federal Agency,United Stated Global Change Research Program
IPCC-WG2.GOV,Federal Agency,United Stated Global Change Research Program
USGCRP.GOV,Federal Agency,United Stated Global Change Research Program
OGE.GOV,Federal Agency,United States Office of Government Ethics
USOGE.GOV,Federal Agency,United States Office of Government Ethics
ICH.GOV,Federal Agency,US Interagency Council on Homelessness
USICH.GOV,Federal Agency,US Interagency Council on Homelessness
